longtitude,latitude,altitude,north,east,up,yaw,pitch,roll,vel_speed,vel_north,vel_east,vel_up,acc_x,acc_y,acc_z,gyro_x,gyro_y,gyro_z,rtk_status
117.37857246,31.96326739,41.53260646,11.37341768,119.36461873,41.53160646,103.70467362,-0.00028878,-0.31999890,3.14688586,-0.90542645,3.01388586,0.00018037,0.06725609,0.10798575,9.51825783,0.39375138,0.40333305,-0.06122277,4
117.37857213,31.96326747,41.53261677,11.34971223,119.46182792,41.53161677,103.75861009,-0.00148045,-0.32631096,3.14423131,-0.90460013,3.01129328,0.00058321,0.07891340,0.10097821,9.52915207,0.20574006,0.35477196,-0.04992777,4
117.37856966,31.96326822,41.53387832,11.32582547,119.55898553,41.53284579,103.86565332,-0.00271435,-0.33780070,3.15359172,-0.91226502,3.01849406,0.00139046,0.10825222,0.08707845,9.56514362,-0.22526085,0.26794181,-0.06891079,4
117.37856490,31.96327024,41.54157003,11.30176022,119.65609235,41.54033608,103.97102858,0.00341020,-0.33603310,3.24220579,-0.96926521,3.09302139,0.00173551,0.15525676,0.08195763,9.66215134,-0.72220112,0.29122900,-0.31690027,4
117.37857529,31.96326768,41.54411356,11.27751930,119.75314918,41.54281281,104.07473453,0.00627682,-0.33102112,3.27345375,-0.98874733,3.11955438,0.00156749,0.16267097,0.08517287,9.68668292,-0.75517229,0.33300094,-0.40705957,4
117.37857753,31.96326713,41.54446637,11.25310555,119.85015684,41.54315634,104.17676991,0.00667501,-0.33032286,3.27778932,-0.99145001,3.12323593,0.00154399,0.16369369,0.08562225,9.69008030,-0.75965399,0.33881863,-0.41957072,4
117.37858006,31.96326649,41.54470245,11.22852179,119.94711611,41.54338622,104.27713354,0.00694147,-0.32985561,3.28069047,-0.99325852,3.12569944,0.00152825,0.16437803,0.08592298,9.69235366,-0.76265292,0.34271154,-0.42794256,4
117.37858172,31.96326606,41.54488018,11.20377085,120.04402781,41.54355930,104.37582429,0.00714208,-0.32950382,3.28287473,-0.99462013,3.12755419,0.00151641,0.16489326,0.08614936,9.69406524,-0.76491079,0.34564248,-0.43424563,4
117.37858319,31.96326569,41.54502300,11.17885556,120.14089273,41.54369837,104.47284111,0.00730329,-0.32922115,3.28462989,-0.99571425,3.12904458,0.00150691,0.16530730,0.08633129,9.69544059,-0.76672511,0.34799764,-0.43931051,4
117.37858441,31.96326539,41.54514418,11.15377873,120.23771168,41.54381635,104.56818302,0.00744005,-0.32898133,3.28611897,-0.99664251,3.13030904,0.00149884,0.16565856,0.08648564,9.69660745,-0.76826438,0.34999577,-0.44360755,4
117.37858553,31.96326510,41.54525092,11.12854321,120.33448546,41.54392030,104.66184909,0.00756053,-0.32877005,3.28743077,-0.99746024,3.13142294,0.00149171,0.16596800,0.08662162,9.69763538,-0.76962039,0.35175599,-0.44739299,4
117.37858654,31.96326485,41.54534689,11.10315181,120.43121486,41.54401375,104.75383848,0.00766884,-0.32858011,3.28861010,-0.99819542,3.13242438,0.00148532,0.16624619,0.08674386,9.69855951,-0.77083946,0.35333847,-0.45079618,4
117.37858746,31.96326461,41.54543519,11.07760737,120.52790069,41.54409973,104.84415038,0.00776849,-0.32840536,3.28969522,-0.99887186,3.13334581,0.00147944,0.16650216,0.08685632,9.69940981,-0.77196115,0.35479454,-0.45392749,4
117.37858836,31.96326438,41.54551949,11.05191271,120.62454376,41.54418182,104.93278403,0.00786365,-0.32823850,3.29073122,-0.99951769,3.13422553,0.00147383,0.16674654,0.08696369,9.70022162,-0.77303208,0.35618471,-0.45691710,4
117.37858924,31.96326416,41.54560058,11.02607066,120.72114487,41.54426079,105.01973877,0.00795519,-0.32807799,3.29172784,-1.00013895,3.13507182,0.00146843,0.16698164,0.08706700,9.70100258,-0.77406228,0.35752201,-0.45979303,4
117.37859008,31.96326396,41.54567781,11.00008404,120.81770480,41.54433599,105.10501393,0.00804235,-0.32792515,3.29267683,-1.00073052,3.13587765,0.00146329,0.16720550,0.08716537,9.70174621,-0.77504325,0.35879542,-0.46253154,4
117.37859090,31.96326375,41.54575184,10.97395568,120.91422438,41.54440808,105.18860895,0.00812590,-0.32777862,3.29358665,-1.00129768,3.13665021,0.00145835,0.16742010,0.08725967,9.70245913,-0.77598374,0.36001625,-0.46515698,4
117.37859169,31.96326355,41.54582344,10.94768841,121.01070440,41.54447778,105.27052328,0.00820670,-0.32763693,3.29446640,-1.00184609,3.13739725,0.00145357,0.16762763,0.08735086,9.70314851,-0.77689313,0.36119673,-0.46769567,4
117.37859248,31.96326334,41.54589315,10.92128505,121.10714566,41.54454566,105.35075641,0.00828539,-0.32749895,3.29532312,-1.00238015,3.13812473,0.00144893,0.16782971,0.08743965,9.70381984,-0.77777873,0.36234633,-0.47016789,4
117.37859325,31.96326315,41.54596148,10.89474844,121.20354896,41.54461220,105.42930791,0.00836252,-0.32736370,3.29616284,-1.00290361,3.13883778,0.00144438,0.16802779,0.08752669,9.70447784,-0.77864677,0.36347311,-0.47259108,4
117.37859400,31.96326296,41.54602889,10.86808140,121.29991511,41.54467786,105.50617735,0.00843861,-0.32723025,3.29699144,-1.00342014,3.13954140,0.00143990,0.16822325,0.08761259,9.70512715,-0.77950329,0.36458497,-0.47498218,4
117.37859476,31.96326277,41.54609588,10.84128675,121.39624490,41.54474307,105.58136438,0.00851422,-0.32709771,3.29781445,-1.00393320,3.14024026,0.00143543,0.16841740,0.08769790,9.70577208,-0.78035404,0.36568934,-0.47735717,4
117.37859552,31.96326257,41.54616252,10.81436733,121.49253915,41.54480797,105.65486864,0.00858944,-0.32696579,3.29863353,-1.00444378,3.14093577,0.00143099,0.16861061,0.08778279,9.70641391,-0.78120072,0.36678842,-0.47972076,4
117.37859628,31.96326238,41.54622865,10.78732596,121.58879864,41.54487235,105.72668986,0.00866408,-0.32683490,3.29944618,-1.00495038,3.14162583,0.00142659,0.16880231,0.08786701,9.70705070,-0.78204077,0.36787886,-0.48206582,4
117.37859704,31.96326219,41.54629414,10.76016546,121.68502419,41.54493612,105.79682775,0.00873798,-0.32670529,3.30025099,-1.00545207,3.14230924,0.00142223,0.16899215,0.08795043,9.70768135,-0.78287268,0.36895877,-0.48438822,4
117.37859779,31.96326199,41.54635911,10.73288867,121.78121659,41.54499939,105.86528209,0.00881133,-0.32657670,3.30104943,-1.00594979,3.14298723,0.00141790,0.16918049,0.08803321,9.70830701,-0.78369804,0.37003017,-0.48669230,4
117.37859855,31.96326181,41.54642380,10.70549841,121.87737665,41.54506238,105.93205266,0.00888434,-0.32644866,3.30184439,-1.00644535,3.14366227,0.00141358,0.16936803,0.08811561,9.70892995,-0.78451979,0.37109690,-0.48898633,4
117.37859931,31.96326161,41.54648846,10.67799751,121.97350517,41.54512534,105.99713931,0.00895732,-0.32632070,3.30263889,-1.00694062,3.14433693,0.00140927,0.16955543,0.08819795,9.70955251,-0.78534107,0.37216300,-0.49127901,4
117.37860008,31.96326142,41.54655338,10.65038880,122.06960294,41.54518856,106.06054187,0.00903059,-0.32619218,3.30343686,-1.00743807,3.14501452,0.00140494,0.16974367,0.08828067,9.71017780,-0.78616593,0.37323375,-0.49358169,4
117.37860085,31.96326121,41.54661881,10.62267510,122.16567078,41.54525227,106.12226022,0.00910444,-0.32606269,3.30424089,-1.00793927,3.14569726,0.00140058,0.16993333,0.08836400,9.71080784,-0.78699707,0.37431264,-0.49590188,4
117.37860162,31.96326101,41.54668337,10.59485923,122.26170948,41.54531514,106.18229425,0.00917732,-0.32593490,3.30503433,-1.00843388,3.14637100,0.00139628,0.17012048,0.08844624,9.71142958,-0.78781724,0.37537731,-0.49819150,4
117.37860241,31.96326081,41.54674823,10.56694404,122.35771984,41.54537829,106.24064390,0.00925051,-0.32580654,3.30583133,-1.00893071,3.14704776,0.00139196,0.17030849,0.08852884,9.71205411,-0.78864110,0.37644674,-0.50049138,4
117.37860320,31.96326062,41.54681340,10.53893233,122.45370267,41.54544175,106.29730908,0.00932408,-0.32567755,3.30663224,-1.00942997,3.14772788,0.00138762,0.17049742,0.08861186,9.71268173,-0.78946901,0.37752147,-0.50280260,4
117.37860398,31.96326041,41.54687888,10.51082695,122.54965877,41.54550551,106.35228977,0.00939797,-0.32554797,3.30743684,-1.00993155,3.14841109,0.00138327,0.17068722,0.08869526,9.71331221,-0.79030074,0.37860111,-0.50512443,4
117.37860479,31.96326020,41.54694477,10.48263071,122.64558894,41.54556966,106.40558594,0.00947234,-0.32541756,3.30824658,-1.01043631,3.14909867,0.00137888,0.17087823,0.08877920,9.71394672,-0.79113775,0.37968765,-0.50746106,4
117.37860561,31.96326000,41.54701130,10.45434645,122.74149398,41.54563446,106.45719757,0.00954744,-0.32528587,3.30906423,-1.01094601,3.14979299,0.00137445,0.17107109,0.08886395,9.71458742,-0.79198296,0.38078481,-0.50982055,4
117.37860644,31.96325978,41.54707883,10.42597699,122.83737470,41.54570020,106.50712467,0.00962364,-0.32515224,3.30989394,-1.01146324,3.15049754,0.00136995,0.17126682,0.08894995,9.71523759,-0.79284065,0.38189817,-0.51221485,4
117.37860728,31.96325956,41.54714771,10.39752516,122.93323189,41.54576727,106.55536725,0.00970139,-0.32501589,3.31074050,-1.01199097,3.15121639,0.00136536,0.17146651,0.08903770,9.71590097,-0.79371573,0.38303412,-0.51465775,4
117.37860817,31.96325934,41.54721796,10.36899379,123.02906636,41.54583568,106.60192534,0.00978069,-0.32487684,3.31160385,-1.01252916,3.15194950,0.00136068,0.17167016,0.08912718,9.71657749,-0.79460817,0.38419260,-0.51714914,4
117.37860908,31.96325910,41.54728924,10.34038569,123.12487891,41.54590510,106.64679898,0.00986114,-0.32473577,3.31247980,-1.01307521,3.15269332,0.00135593,0.17187680,0.08921796,9.71726389,-0.79551366,0.38536799,-0.51967685,4
117.37860997,31.96325888,41.54736109,10.31170371,123.22067034,41.54597506,106.68998822,0.00994225,-0.32459353,3.31336296,-1.01362575,3.15344325,0.00135115,0.17208512,0.08930950,9.71795593,-0.79642658,0.38655306,-0.52222538,4
117.37861089,31.96325864,41.54743343,10.28295066,123.31644145,41.54604551,106.73149310,0.01002391,-0.32445036,3.31425193,-1.01417990,3.15419813,0.00134633,0.17229482,0.08940166,9.71865253,-0.79734552,0.38774594,-0.52479071,4
117.37861182,31.96325841,41.54750641,10.25412938,123.41219305,41.54611657,106.77131369,0.01010627,-0.32430592,3.31514877,-1.01473898,3.15495967,0.00134146,0.17250637,0.08949462,9.71935531,-0.79827257,0.38894936,-0.52737870,4
117.37861276,31.96325818,41.54758024,10.22524268,123.50792593,41.54618846,106.80945006,0.01018959,-0.32415980,3.31605602,-1.01530453,3.15573007,0.00133654,0.17272039,0.08958864,9.72006623,-0.79921040,0.39016675,-0.52999676,4
117.37861371,31.96325792,41.54765518,10.19629340,123.60364090,41.54626142,106.84590227,0.01027417,-0.32401149,3.31697695,-1.01587860,3.15651207,0.00133156,0.17293762,0.08968411,9.72078786,-0.80016237,0.39140247,-0.53265424,4
117.37861470,31.96325767,41.54773149,10.16728437,123.69933876,41.54633571,106.88067039,0.01036029,-0.32386048,3.31791454,-1.01646308,3.15730821,0.00132646,0.17315879,0.08978129,9.72152256,-0.80113155,0.39266059,-0.53535982,4
117.37861573,31.96325741,41.54780887,10.13821841,123.79502031,41.54641107,106.91375452,0.01044762,-0.32370731,3.31886555,-1.01705592,3.15811576,0.00132130,0.17338313,0.08987985,9.72226778,-0.80211462,0.39393670,-0.53810418,4
117.37861673,31.96325715,41.54788594,10.10909835,123.89068636,41.54648612,106.94515471,0.01053462,-0.32355477,3.31981267,-1.01764633,3.15892003,0.00131618,0.17360654,0.08997803,9.72300995,-0.80309367,0.39520760,-0.54083728,4
117.37861773,31.96325689,41.54796255,10.07992701,123.98633770,41.54656072,106.97487106,0.01062109,-0.32340314,3.32075413,-1.01823320,3.15971946,0.00131107,0.17382863,0.09007562,9.72374768,-0.80406687,0.39647089,-0.54355404,4
117.37861874,31.96325664,41.54803838,10.05070722,124.08197514,41.54663456,107.00290364,0.01070667,-0.32325305,3.32168608,-1.01881416,3.16051083,0.00130601,0.17404847,0.09017222,9.72447795,-0.80503022,0.39772143,-0.54624336,4
117.37861970,31.96325639,41.54811082,10.02144182,124.17759947,41.54670509,107.01475771,0.01078843,-0.32310969,3.32257619,-1.01936904,3.16126667,0.00130120,0.17425844,0.09026447,9.72517545,-0.80595033,0.39891582,-0.54881196,4
117.37862069,31.96325614,41.54818457,9.99218124,124.27322880,41.54677691,107.02145574,0.01087169,-0.32296371,3.32348259,-1.01993408,3.16203634,0.00129629,0.17447225,0.09035842,9.72588571,-0.80688729,0.40013209,-0.55142756,4
117.37862168,31.96325588,41.54825991,9.96289257,124.36884926,41.54685027,107.03744418,0.01095672,-0.32281461,3.32440841,-1.02051120,3.16282249,0.00129127,0.17469063,0.09045438,9.72661119,-0.80784431,0.40137439,-0.55409920,4
117.37862270,31.96325562,41.54833529,9.93357878,124.46446176,41.54692367,107.05171568,0.01104180,-0.32266541,3.32533481,-1.02108870,3.16360915,0.00128625,0.17490916,0.09055041,9.72733712,-0.80880193,0.40261749,-0.55677251,4
117.37862372,31.96325536,41.54841033,9.90424263,124.56006710,41.54699674,107.06436959,0.01112649,-0.32251690,3.32625693,-1.02166353,3.16439216,0.00128125,0.17512667,0.09064599,9.72805969,-0.80975513,0.40385482,-0.55943347,4
117.37862473,31.96325510,41.54848504,9.87488677,124.65566610,41.54706949,107.07547448,0.01121081,-0.32236901,3.32717513,-1.02223591,3.16517185,0.00127627,0.17534328,0.09074116,9.72877919,-0.81070426,0.40508691,-0.56208311,4
117.37862574,31.96325484,41.54855944,9.84551373,124.75125952,41.54714193,107.08509404,0.01129480,-0.32222176,3.32808944,-1.02280586,3.16594822,0.00127131,0.17555895,0.09083593,9.72949565,-0.81164939,0.40631376,-0.56472151,4
117.37862676,31.96325459,41.54863351,9.81612595,124.84684809,41.54721406,107.09329012,0.01137839,-0.32207516,3.32899960,-1.02337324,3.16672109,0.00126638,0.17577365,0.09093026,9.73020886,-0.81259024,0.40753508,-0.56734799,4
117.37862777,31.96325431,41.54870722,9.78672574,124.94243253,41.54728583,107.10012377,0.01146158,-0.32192927,3.32990551,-1.02393796,3.16749034,0.00126146,0.17598733,0.09102417,9.73091873,-0.81352667,0.40875067,-0.56996214,4
117.37862879,31.96325406,41.54878063,9.75731534,125.03801351,41.54735731,107.10565572,0.01154444,-0.32178398,3.33080758,-1.02450030,3.16825634,0.00125658,0.17620012,0.09111767,9.73162559,-0.81445914,0.40996110,-0.57256526,4
117.37862980,31.96325381,41.54885376,9.72789685,125.13359168,41.54742852,107.10994635,0.01162697,-0.32163927,3.33170616,-1.02506045,3.16901938,0.00125171,0.17641209,0.09121081,9.73232974,-0.81538802,0.41116686,-0.57515829,4
117.37863081,31.96325355,41.54892657,9.69847231,125.22916767,41.54749943,107.11305609,0.01170917,-0.32149514,3.33260107,-1.02561830,3.16977928,0.00124686,0.17662320,0.09130356,9.73303098,-0.81631309,0.41236769,-0.57774070,4
117.37863183,31.96325327,41.54899906,9.66904363,125.32474206,41.54757002,107.11504521,0.01179099,-0.32135166,3.33349192,-1.02617364,3.17053575,0.00124202,0.17683334,0.09139591,9.73372907,-0.81723397,0.41356309,-0.58031146,4
117.37863284,31.96325301,41.54907127,9.63961264,125.42031543,41.54764031,107.11597401,0.01187247,-0.32120877,3.33437918,-1.02672673,3.17128916,0.00123721,0.17704263,0.09148787,9.73442431,-0.81815111,0.41475364,-0.58287176,4
117.37863386,31.96325276,41.54914319,9.61018103,125.51588830,41.54771036,107.11590272,0.01195367,-0.32106638,3.33526323,-1.02727783,3.17203986,0.00123242,0.17725117,0.09157950,9.73511706,-0.81906497,0.41593992,-0.58542288,4
117.37863488,31.96325250,41.54921485,9.58075045,125.61146118,41.54778014,107.11489132,0.01203455,-0.32092454,3.33614391,-1.02782683,3.17278767,0.00122764,0.17745891,0.09167079,9.73580717,-0.81997532,0.41712165,-0.58796427,4
117.37863590,31.96325224,41.54928622,9.55132239,125.70703454,41.54784963,107.11299975,0.01211510,-0.32078329,3.33702088,-1.02837350,3.17353236,0.00122289,0.17766577,0.09176168,9.73649436,-0.82088186,0.41829840,-0.59049494,4
117.37863691,31.96325196,41.54935731,9.52189827,125.80260883,41.54791886,107.11028772,0.01219534,-0.32064260,3.33789449,-1.02891809,3.17427418,0.00121815,0.17787186,0.09185223,9.73717893,-0.82178491,0.41947067,-0.59301592,4
117.37863792,31.96325170,41.54942816,9.49247942,125.89818446,41.54798785,107.10681457,0.01227530,-0.32050238,3.33876518,-1.02946085,3.17501352,0.00121342,0.17807723,0.09194248,9.73786120,-0.82268494,0.42063897,-0.59552842,4
117.37863894,31.96325145,41.54949876,9.46306704,125.99376183,41.54805659,107.10263937,0.01235498,-0.32036265,3.33963270,-1.03000164,3.17575019,0.00120873,0.17828188,0.09203240,9.73854100,-0.82358170,0.42180307,-0.59803184,4
117.37863995,31.96325119,41.54956907,9.43366226,126.08934128,41.54812506,107.09782077,0.01243433,-0.32022349,3.34049677,-1.03054029,3.17648392,0.00120405,0.17848571,0.09212197,9.73921810,-0.82447490,0.42296254,-0.60052531,4
117.37864097,31.96325093,41.54963913,9.40426610,126.18492314,41.54819328,107.09241694,0.01251341,-0.32008482,3.34135779,-1.03107703,3.17721505,0.00119937,0.17868882,0.09221121,9.73989279,-0.82536494,0.42411789,-0.60300993,4
117.37864197,31.96325066,41.54970897,9.37487948,126.28050772,41.54826128,107.08648547,0.01259224,-0.31994658,3.34221607,-1.03161204,3.17794385,0.00119472,0.17889127,0.09230018,9.74056533,-0.82625213,0.42526955,-0.60548665,4
117.37864299,31.96325040,41.54977856,9.34550324,126.37609526,41.54832906,107.08008334,0.01267079,-0.31980884,3.34307133,-1.03214520,3.17867010,0.00119008,0.17909301,0.09238882,9.74123552,-0.82713622,0.42641719,-0.60795468,4
117.37864400,31.96325014,41.54984791,9.31613809,126.47168603,41.54839657,107.07326693,0.01274905,-0.31967160,3.34392348,-1.03267641,3.17939369,0.00118546,0.17929402,0.09247715,9.74190328,-0.82801709,0.42756065,-0.61041371,4
117.37864501,31.96324988,41.54991703,9.28678469,126.56728022,41.54846386,107.06609169,0.01282707,-0.31953480,3.34477289,-1.03320592,3.18011498,0.00118087,0.17949439,0.09256520,9.74256887,-0.82889514,0.42870044,-0.61286486,4
117.37864604,31.96324961,41.54998593,9.25744359,126.66287802,41.54853096,107.05861242,0.01290485,-0.31939841,3.34561967,-1.03373377,3.18083402,0.00117628,0.17969414,0.09265296,9.74323241,-0.82977046,0.42983669,-0.61530842,4
117.37864705,31.96324935,41.55005459,9.22811524,126.75847958,41.54859782,107.05088295,0.01298235,-0.31926251,3.34646352,-1.03425980,3.18155056,0.00117170,0.17989320,0.09274042,9.74389365,-0.83064273,0.43096899,-0.61774350,4
117.37864806,31.96324909,41.55012304,9.19880001,126.85408503,41.54866447,107.04295615,0.01305960,-0.31912705,3.34730458,-1.03478411,3.18226475,0.00116714,0.18009160,0.09282760,9.74455271,-0.83151215,0.43209758,-0.62017056,4
117.37864907,31.96324883,41.55019127,9.16949819,126.94969447,41.54873093,107.03488391,0.01313662,-0.31899199,3.34814320,-1.03530689,3.18297686,0.00116260,0.18028943,0.09291452,9.74520987,-0.83237905,0.43322288,-0.62259057,4
117.37865009,31.96324857,41.55025930,9.14020997,127.04530796,41.54879717,107.02671695,0.01321341,-0.31885734,3.34897924,-1.03582806,3.18368678,0.00115806,0.18048664,0.09300118,9.74586498,-0.83324325,0.43434472,-0.62500311,4
117.37865111,31.96324830,41.55032712,9.11093546,127.14092556,41.54886320,107.01850514,0.01328994,-0.31872315,3.34981252,-1.03634749,3.18439436,0.00115355,0.18068319,0.09308755,9.74651793,-0.83410460,0.43546283,-0.62740767,4
117.37865212,31.96324804,41.55039474,9.08167469,127.23654729,41.54892903,107.01029742,0.01336624,-0.31858933,3.35064334,-1.03686542,3.18509986,0.00114905,0.18087918,0.09317368,9.74716898,-0.83496346,0.43657770,-0.62980523,4
117.37865313,31.96324778,41.55046216,9.05242762,127.33217314,41.54899468,107.00214156,0.01344234,-0.31845588,3.35147188,-1.03738190,3.18580343,0.00114455,0.18107462,0.09325955,9.74781822,-0.83581991,0.43768946,-0.63219614,4
117.37865415,31.96324752,41.55052936,9.02319411,127.42780308,41.54906012,106.99408392,0.01351819,-0.31832287,3.35229781,-1.03789676,3.18650475,0.00114007,0.18126944,0.09334516,9.74846541,-0.83667367,0.43879772,-0.63457949,4
117.37865516,31.96324725,41.55059636,8.99397396,127.52343706,41.54912538,106.98616933,0.01359382,-0.31819024,3.35312130,-1.03841011,3.18720400,0.00113561,0.18146369,0.09343052,9.74911070,-0.83752491,0.43990273,-0.63695584,4
117.37865617,31.96324699,41.55066320,8.96476690,127.61907500,41.54919046,106.97844122,0.01366925,-0.31805796,3.35394263,-1.03892211,3.18790146,0.00113115,0.18165743,0.09351565,9.74975432,-0.83837394,0.44100484,-0.63932598,4
117.37865718,31.96324674,41.55072984,8.93557257,127.71471680,41.54925535,106.97094133,0.01374447,-0.31792607,3.35476163,-1.03943263,3.18859690,0.00112672,0.18185062,0.09360053,9.75039607,-0.83922053,0.44210379,-0.64168930,4
117.37865820,31.96324646,41.55079629,8.90639056,127.81036234,41.54932005,106.96370968,0.01381948,-0.31779454,3.35557823,-1.03994169,3.18929031,0.00112229,0.18204325,0.09368518,9.75103596,-0.84006465,0.44319956,-0.64404576,4
117.37865921,31.96324620,41.55086258,8.87722038,127.90601149,41.54938459,106.95678461,0.01389429,-0.31766335,3.35639274,-1.04044945,3.18998196,0.00111787,0.18223539,0.09376961,9.75167422,-0.84090661,0.44429251,-0.64639620,4
117.37866023,31.96324594,41.55092869,8.84806149,128.00166407,41.54944896,106.95020265,0.01396890,-0.31753252,3.35720512,-1.04095586,3.19067178,0.00111347,0.18242703,0.09385380,9.75231079,-0.84174638,0.44538259,-0.64874047,4
117.37866124,31.96324567,41.55099460,8.81891329,128.09731991,41.54951314,106.94399849,0.01404329,-0.31740205,3.35801518,-1.04146083,3.19135965,0.00110908,0.18261811,0.09393776,9.75294557,-0.84258374,0.44646957,-0.65107805,4
117.37866224,31.96324542,41.55106035,8.78977511,128.19297882,41.54957717,106.93820484,0.01411752,-0.31727191,3.35882322,-1.04196453,3.19204579,0.00110470,0.18280872,0.09402152,9.75357875,-0.84341899,0.44755383,-0.65340981,4
117.37866327,31.96324515,41.55112595,8.76064625,128.28864057,41.54964104,106.93285230,0.01419156,-0.31714209,3.35962930,-1.04246703,3.19273027,0.00110032,0.18299887,0.09410507,9.75421041,-0.84425225,0.44863547,-0.65573592,4
117.37866428,31.96324489,41.55119136,8.73152594,128.38430493,41.54970473,106.92796948,0.01426539,-0.31701263,3.36043313,-1.04296811,3.19341285,0.00109597,0.18318849,0.09418838,9.75484029,-0.84508318,0.44971410,-0.65805555,4
117.37866529,31.96324463,41.55125661,8.70241338,128.47997167,41.54976826,106.92358303,0.01433903,-0.31688348,3.36123499,-1.04346797,3.19409375,0.00109163,0.18337764,0.09427150,9.75546864,-0.84591207,0.45079007,-0.66036947,4
117.37866630,31.96324437,41.55132170,8.67330771,128.57564052,41.54983166,106.91971741,0.01441251,-0.31675463,3.36203504,-1.04396671,3.19477313,0.00108728,0.18356635,0.09435443,9.75609556,-0.84673908,0.45186362,-0.66267818,4
117.37866732,31.96324410,41.55138664,8.64420805,128.67131121,41.54989489,106.91639507,0.01448580,-0.31662612,3.36283301,-1.04446414,3.19545070,0.00108296,0.18375458,0.09443714,9.75672084,-0.84756393,0.45293434,-0.66498082,4
117.37866834,31.96324384,41.55145142,8.61511347,128.76698346,41.54995796,106.91363665,0.01455890,-0.31649791,3.36362904,-1.04496037,3.19612666,0.00107865,0.18394236,0.09451965,9.75734461,-0.84838680,0.45400252,-0.66727797,4
117.37866936,31.96324358,41.55151606,8.58602301,128.86265698,41.55002090,106.91146098,0.01463185,-0.31636999,3.36442336,-1.04545552,3.19680115,0.00107434,0.18412974,0.09460199,9.75796704,-0.84920789,0.45506837,-0.66957012,4
117.37867036,31.96324331,41.55158054,8.55693569,128.95833146,41.55008369,106.90988450,0.01470462,-0.31624237,3.36521570,-1.04594946,3.19747398,0.00107004,0.18431664,0.09468412,9.75858792,-0.85002695,0.45613159,-0.67185661,4
117.37867138,31.96324305,41.55164486,8.52785050,129.05400659,41.55014632,106.90865473,0.01477723,-0.31611505,3.36600623,-1.04644226,3.19814525,0.00106575,0.18450311,0.09476605,9.75920739,-0.85084410,0.45719235,-0.67413782,4
117.37867240,31.96324279,41.55170905,8.49876728,129.14968233,41.55020883,106.90766170,0.01484968,-0.31598799,3.36679510,-1.04693402,3.19881512,0.00106147,0.18468921,0.09484781,9.75982556,-0.85165958,0.45825091,-0.67641427,4
117.37867340,31.96324253,41.55177309,8.46968539,129.24535849,41.55027119,106.90705218,0.01492196,-0.31586124,3.36758213,-1.04742463,3.19948342,0.00105721,0.18487486,0.09492939,9.76044227,-0.85247313,0.45930697,-0.67868537,4
117.37867441,31.96324226,41.55183699,8.44060421,129.34103486,41.55033342,106.90681943,0.01499409,-0.31573477,3.36836742,-1.04791415,3.20015024,0.00105295,0.18506009,0.09501079,9.76105763,-0.85328487,0.46036070,-0.68095146,4
117.37867544,31.96324200,41.55190076,8.41152310,129.43671125,41.55039552,106.90695584,0.01506608,-0.31560855,3.36915110,-1.04840268,3.20081572,0.00104870,0.18524496,0.09509202,9.76167173,-0.85409498,0.46141229,-0.68321296,4
117.37867645,31.96324174,41.55196440,8.38244146,129.53238749,41.55045748,106.90745250,0.01513790,-0.31548262,3.36993305,-1.04889014,3.20147971,0.00104446,0.18542942,0.09517306,9.76228447,-0.85490329,0.46246156,-0.68546944,4
117.37867745,31.96324147,41.55202789,8.35335869,129.62806338,41.55051931,106.90829965,0.01520957,-0.31535695,3.37071333,-1.04937655,3.20214229,0.00104024,0.18561348,0.09525395,9.76289590,-0.85570987,0.46350858,-0.68772110,4
117.37867846,31.96324121,41.55209126,8.32427422,129.72373875,41.55058101,106.90948665,0.01528109,-0.31523152,3.37149213,-1.04986202,3.20280360,0.00103602,0.18579718,0.09533467,9.76350616,-0.85651490,0.46455359,-0.68996845,4
117.37867948,31.96324094,41.55215450,8.29518749,129.81941344,41.55064258,106.91100176,0.01535246,-0.31510636,3.37226924,-1.05034646,3.20346349,0.00103181,0.18598050,0.09541521,9.76411512,-0.85731820,0.46559637,-0.69221096,4
117.37868049,31.96324068,41.55221760,8.26609796,129.91508727,41.55070403,106.91283254,0.01542369,-0.31498146,3.37304478,-1.05082991,3.20412203,0.00102761,0.18616344,0.09549560,9.76472283,-0.85811987,0.46663702,-0.69444893,4
117.37868150,31.96324042,41.55228060,8.23700512,130.01076009,41.55076538,106.91496592,0.01549478,-0.31485679,3.37381889,-1.05131246,3.20477936,0.00102341,0.18634605,0.09557584,9.76532942,-0.85892008,0.46767577,-0.69668277,4
117.37868252,31.96324015,41.55234346,8.20790847,130.10643174,41.55082659,106.91738795,0.01556574,-0.31473236,3.37459141,-1.05179403,3.20543533,0.00101922,0.18652827,0.09565591,9.76593475,-0.85971863,0.46871235,-0.69891199,4
117.37868354,31.96323989,41.55240620,8.17880754,130.20210209,41.55088767,106.92008418,0.01563656,-0.31460819,3.37536243,-1.05227467,3.20609006,0.00101504,0.18671015,0.09573583,9.76653893,-0.86051565,0.46974696,-0.70113694,4
117.37868455,31.96323963,41.55246883,8.14970189,130.29777100,41.55094865,106.92303960,0.01570725,-0.31448423,3.37613211,-1.05275446,3.20674363,0.00101087,0.18689171,0.09581560,9.76714206,-0.86131126,0.47077974,-0.70335801,4
117.37868555,31.96323936,41.55253133,8.12059109,130.39343833,41.55100951,106.92623857,0.01577780,-0.31436052,3.37690023,-1.05323330,3.20739587,0.00100671,0.18707290,0.09589523,9.76774397,-0.86210528,0.47181045,-0.70557457,4
117.37868657,31.96323910,41.55259372,8.09147476,130.48910398,41.55107026,106.92966531,0.01584822,-0.31423703,3.37766696,-1.05371126,3.20804694,0.00100255,0.18725376,0.09597470,9.76834478,-0.86289785,0.47283929,-0.70778713,4
117.37868758,31.96323884,41.55265601,8.06235252,130.58476782,41.55113091,106.93330355,0.01591851,-0.31411375,3.37843242,-1.05418843,3.20869692,0.00099840,0.18743432,0.09605404,9.76894458,-0.86368910,0.47386640,-0.70999598,4
117.37868860,31.96323856,41.55271818,8.03322405,130.68042975,41.55119145,106.93713679,0.01598867,-0.31399071,3.37919639,-1.05466466,3.20934564,0.00099426,0.18761453,0.09613323,9.76954324,-0.86447881,0.47489153,-0.71220054,4
117.37868962,31.96323830,41.55278024,8.00408902,130.77608968,41.55125189,106.94114845,0.01605872,-0.31386789,3.37995901,-1.05514007,3.20999324,0.00099012,0.18779443,0.09621229,9.77014084,-0.86526714,0.47591487,-0.71440127,4
117.37869062,31.96323805,41.55284219,7.97494715,130.87174753,41.55131222,106.94532170,0.01612865,-0.31374526,3.38072042,-1.05561471,3.21063979,0.00098600,0.18797403,0.09629120,9.77073747,-0.86605421,0.47693655,-0.71659845,4
117.37869163,31.96323777,41.55290403,7.94579818,130.96740321,41.55137244,106.94963977,0.01619845,-0.31362284,3.38148043,-1.05608848,3.21128516,0.00098188,0.18815331,0.09636998,9.77133303,-0.86683985,0.47795639,-0.71879164,4
117.37869265,31.96323751,41.55296578,7.91664190,131.06305665,41.55143256,106.95408591,0.01626814,-0.31350064,3.38223922,-1.05656148,3.21192946,0.00097776,0.18833230,0.09644863,9.77192762,-0.86762419,0.47897456,-0.72098123,4
117.37869366,31.96323726,41.55302742,7.88747809,131.15870780,41.55149258,106.95864351,0.01633772,-0.31337865,3.38299677,-1.05703374,3.21257275,0.00097366,0.18851101,0.09652715,9.77252123,-0.86840729,0.47999108,-0.72316732,4
117.37869467,31.96323699,41.55308896,7.85830659,131.25435659,41.55155252,106.96329612,0.01640718,-0.31325685,3.38375305,-1.05750517,3.21321493,0.00096956,0.18868941,0.09660554,9.77311386,-0.86918905,0.48100589,-0.72534970,4
117.37869569,31.96323672,41.55315040,7.82912725,131.35000300,41.55161235,106.96802755,0.01647653,-0.31313523,3.38450815,-1.05797589,3.21385614,0.00096547,0.18886753,0.09668381,9.77370555,-0.86996960,0.48201912,-0.72752871,4
117.37869670,31.96323645,41.55321176,7.79993995,131.44564698,41.55167208,106.97282183,0.01654577,-0.31301381,3.38526206,-1.05844586,3.21449632,0.00096138,0.18904537,0.09676194,9.77429633,-0.87074893,0.48303076,-0.72970427,4
117.37869771,31.96323619,41.55327301,7.77074461,131.54128850,41.55173172,106.97766354,0.01661490,-0.31289258,3.38601479,-1.05891509,3.21513548,0.00095729,0.18922292,0.09683996,9.77488616,-0.87152702,0.48404080,-0.73187639,4
117.37869872,31.96323593,41.55333417,7.74154115,131.63692754,41.55179128,106.98253760,0.01668394,-0.31277153,3.38676641,-1.05938363,3.21577373,0.00095322,0.18940022,0.09691787,9.77547514,-0.87230398,0.48504936,-0.73404537,4
117.37869974,31.96323566,41.55339524,7.71232953,131.73256409,41.55185074,106.98742939,0.01675286,-0.31265067,3.38751685,-1.05985143,3.21641097,0.00094915,0.18957723,0.09699566,9.77606319,-0.87307971,0.48605635,-0.73621090,4
117.37870075,31.96323540,41.55345622,7.68310974,131.82819815,41.55191012,106.99232496,0.01682169,-0.31252998,3.38826618,-1.06031855,3.21704726,0.00094509,0.18975401,0.09707332,9.77665038,-0.87385430,0.48706185,-0.73837327,4
117.37870176,31.96323514,41.55351710,7.65388178,131.92382971,41.55196942,106.99721089,0.01689042,-0.31240945,3.38901451,-1.06078504,3.21768270,0.00094103,0.18993053,0.09715088,9.77723676,-0.87462784,0.48806597,-0.74053269,4
117.37870277,31.96323487,41.55357790,7.62464567,132.01945879,41.55202861,107.00207457,0.01695903,-0.31228911,3.38976166,-1.06125080,3.21831715,0.00093698,0.19010677,0.09722833,9.77782224,-0.87540017,0.48906854,-0.74268874,4
117.37870379,31.96323460,41.55363862,7.59540147,132.11508539,41.55208773,107.00690404,0.01702756,-0.31216894,3.39050777,-1.06171591,3.21895071,0.00093294,0.19028277,0.09730567,9.77840689,-0.87617143,0.49006969,-0.74484177,4
117.37870481,31.96323434,41.55369925,7.56614925,132.21070955,41.55214677,107.01168800,0.01709600,-0.31204894,3.39125289,-1.06218041,3.21958344,0.00092890,0.19045854,0.09738291,9.77899077,-0.87694169,0.49106956,-0.74699201,4
117.37870581,31.96323409,41.55375980,7.53688908,132.30633127,41.55220574,107.01641610,0.01716434,-0.31192910,3.39199697,-1.06264424,3.22021526,0.00092486,0.19063406,0.09746003,9.77957382,-0.87771083,0.49206799,-0.74913915,4
117.37870682,31.96323382,41.55382027,7.50762107,132.40195061,41.55226461,107.02107904,0.01723258,-0.31180943,3.39274005,-1.06310747,3.22084626,0.00092084,0.19080934,0.09753705,9.78015613,-0.87847897,0.49306511,-0.75128349,4
117.37870783,31.96323356,41.55388065,7.47834533,132.49756758,41.55232341,107.02566817,0.01730074,-0.31168992,3.39348218,-1.06357009,3.22147642,0.00091682,0.19098440,0.09761398,9.78073765,-0.87924609,0.49406092,-0.75342503,4
117.37870885,31.96323329,41.55394096,7.44906200,132.59318223,41.55238213,107.03017587,0.01736881,-0.31157055,3.39422333,-1.06403210,3.22210576,0.00091280,0.19115923,0.09769080,9.78131841,-0.88001222,0.49505542,-0.75556374,4
117.37870986,31.96323302,41.55400121,7.41977122,132.68879460,41.55244079,107.03459559,0.01743680,-0.31145132,3.39496357,-1.06449354,3.22273436,0.00090878,0.19133384,0.09776752,9.78189848,-0.88077741,0.49604872,-0.75769987,4
117.37871087,31.96323275,41.55406137,7.39047314,132.78440474,41.55249937,107.03892181,0.01750469,-0.31133226,3.39570285,-1.06495437,3.22336209,0.00090478,0.19150823,0.09784415,9.78247776,-0.88154159,0.49704070,-0.75983314,4
117.37871187,31.96323248,41.55412145,7.36116791,132.88001269,41.55255786,107.04315001,0.01757251,-0.31121334,3.39644119,-1.06541464,3.22398906,0.00090078,0.19168239,0.09792068,9.78305633,-0.88230482,0.49803144,-0.76196381,4
117.37871289,31.96323222,41.55418146,7.33185572,132.97561851,41.55261630,107.04727678,0.01764025,-0.31109456,3.39717871,-1.06587439,3.22461533,0.00089678,0.19185636,0.09799712,9.78363425,-0.88306719,0.49902108,-0.76409206,4
117.37871391,31.96323197,41.55424140,7.30253672,133.07122225,41.55267466,107.05129985,0.01770790,-0.31097593,3.39791528,-1.06633357,3.22524078,0.00089278,0.19203012,0.09807347,9.78421143,-0.88382861,0.50000945,-0.76621761,4
117.37871492,31.96323170,41.55430127,7.27321110,133.16682396,41.55273296,107.05521820,0.01777548,-0.31085744,3.39865102,-1.06679221,3.22586554,0.00088879,0.19220367,0.09814973,9.78478797,-0.88458915,0.50099671,-0.76834070,4
117.37871593,31.96323142,41.55436106,7.24387902,133.26242369,41.55279120,107.05903196,0.01784297,-0.31073908,3.39938593,-1.06725033,3.22648959,0.00088480,0.19237703,0.09822591,9.78536386,-0.88534884,0.50198285,-0.77046145,4
117.37871695,31.96323116,41.55442079,7.21454067,133.35802149,41.55284936,107.06274240,0.01791038,-0.31062085,3.40012001,-1.06770792,3.22711293,0.00088083,0.19255019,0.09830200,9.78593907,-0.88610764,0.50296787,-0.77257976,4
117.37871797,31.96323090,41.55448046,7.18519622,133.45361742,41.55290746,107.06635202,0.01797773,-0.31050275,3.40085331,-1.06816504,3.22773562,0.00087686,0.19272317,0.09837801,9.78651368,-0.88686565,0.50395183,-0.77469582,4
117.37871897,31.96323064,41.55454007,7.15584582,133.54921153,41.55296550,107.06986489,0.01804500,-0.31038478,3.40158575,-1.06862164,3.22835758,0.00087289,0.19289595,0.09845391,9.78708763,-0.88762278,0.50493468,-0.77680946,4
117.37871998,31.96323037,41.55459961,7.12648964,133.64480387,41.55302348,107.07328485,0.01811220,-0.31026695,3.40231742,-1.06907776,3.22897887,0.00086892,0.19306855,0.09852975,9.78766097,-0.88837911,0.50591648,-0.77892084,4
117.37872100,31.96323010,41.55465909,7.09712783,133.74039447,41.55308140,107.07662222,0.01817934,-0.31014922,3.40304839,-1.06953341,3.22959956,0.00086497,0.19324097,0.09860552,9.78823375,-0.88913471,0.50689731,-0.78103018,4
117.37872200,31.96322984,41.55471850,7.06776052,133.83598338,41.55313926,107.07995330,0.01824640,-0.31003162,3.40377854,-1.06998858,3.23021958,0.00086100,0.19341320,0.09868120,9.78880591,-0.88988948,0.50787708,-0.78313720,4
117.37872301,31.96322958,41.55477786,7.03838760,133.93157057,41.55319706,107.08335254,0.01831340,-0.30991415,3.40450799,-1.07044329,3.23083897,0.00085705,0.19358527,0.09875680,9.78937749,-0.89064351,0.50885588,-0.78524216,4
117.37872403,31.96322930,41.55483717,7.00900894,134.02715599,41.55325480,107.08682236,0.01838033,-0.30979678,3.40523673,-1.07089758,3.23145779,0.00085310,0.19375718,0.09883234,9.78994855,-0.89139680,0.50983374,-0.78734507,4
117.37872504,31.96322904,41.55489641,6.97962444,134.12273962,41.55331249,107.09032958,0.01844720,-0.30967952,3.40596476,-1.07135141,3.23207600,0.00084915,0.19392891,0.09890779,9.79051904,-0.89214938,0.51081064,-0.78944593,4
117.37872605,31.96322877,41.55495559,6.95023409,134.21832145,41.55337013,107.09384089,0.01851400,-0.30956237,3.40669213,-1.07180484,3.23269365,0.00084521,0.19410049,0.09898319,9.79108901,-0.89290127,0.51178667,-0.79154493,4
117.37872706,31.96322851,41.55501472,6.92083787,134.31390147,41.55342770,107.09734958,0.01858074,-0.30944535,3.40741877,-1.07225782,3.23331069,0.00084127,0.19427190,0.09905851,9.79165841,-0.89365240,0.51276171,-0.79364181,4
117.37872808,31.96322825,41.55507380,6.89143581,134.40947970,41.55348523,107.10085316,0.01864742,-0.30932842,3.40814477,-1.07271038,3.23392716,0.00083734,0.19444316,0.09913376,9.79222730,-0.89440287,0.51373588,-0.79573678,4
117.37872909,31.96322798,41.55513283,6.86202791,134.50505613,41.55354270,107.10435075,0.01871403,-0.30921160,3.40887015,-1.07316256,3.23454310,0.00083340,0.19461427,0.09920894,9.79279571,-0.89515269,0.51470923,-0.79783001,4
117.37873010,31.96322771,41.55519180,6.83261417,134.60063077,41.55360013,107.10784234,0.01878059,-0.30909488,3.40959488,-1.07361434,3.23515851,0.00082948,0.19478522,0.09928406,9.79336361,-0.89590185,0.51568172,-0.79992135,4
117.37873111,31.96322745,41.55525073,6.80319462,134.69620361,41.55365751,107.11132831,0.01884710,-0.30897825,3.41031902,-1.07406574,3.23577341,0.00082555,0.19495603,0.09935912,9.79393105,-0.89665038,0.51665339,-0.80201097,4
117.37873212,31.96322718,41.55530961,6.77376926,134.79177467,41.55371484,107.11480949,0.01891356,-0.30886172,3.41104252,-1.07451677,3.23638778,0.00082163,0.19512670,0.09943413,9.79449800,-0.89739828,0.51762425,-0.80409882,4
117.37873313,31.96322691,41.55536843,6.74433809,134.88734394,41.55377212,107.11828678,0.01897995,-0.30874529,3.41176546,-1.07496743,3.23700166,0.00081771,0.19529724,0.09950906,9.79506449,-0.89814558,0.51859430,-0.80618499,4
117.37873415,31.96322664,41.55542721,6.71490113,134.98291142,41.55382935,107.12176127,0.01904630,-0.30862895,3.41248785,-1.07541773,3.23761508,0.00081380,0.19546764,0.09958393,9.79563055,-0.89889231,0.51956363,-0.80826958,4
117.37873516,31.96322638,41.55548595,6.68545838,135.07847712,41.55388654,107.12523415,0.01911260,-0.30851269,3.41320963,-1.07586769,3.23822798,0.00080988,0.19563790,0.09965874,9.79619616,-0.89963843,0.52053216,-0.81035243,4
117.37873618,31.96322612,41.55554464,6.65600983,135.17404104,41.55394370,107.12870663,0.01917884,-0.30839653,3.41393088,-1.07631730,3.23884043,0.00080597,0.19580803,0.09973350,9.79676132,-0.90038399,0.52149998,-0.81243373,4
117.37873718,31.96322586,41.55560329,6.62655549,135.26960317,41.55400080,107.13217993,0.01924504,-0.30828046,3.41465160,-1.07676659,3.23945244,0.00080207,0.19597804,0.09980821,9.79732608,-0.90112901,0.52246708,-0.81451354,4
117.37873820,31.96322559,41.55566189,6.59709536,135.36516351,41.55405787,107.13565528,0.01931119,-0.30816446,3.41537183,-1.07721554,3.24006400,0.00079817,0.19614793,0.09988286,9.79789044,-0.90187349,0.52343349,-0.81659186,4
117.37873920,31.96322531,41.55572046,6.56762942,135.46072207,41.55411490,107.13913395,0.01937730,-0.30804856,3.41609156,-1.07766420,3.24067515,0.00079426,0.19631771,0.09995746,9.79845442,-0.90261748,0.52439926,-0.81866877,4
117.37874021,31.96322505,41.55577898,6.53815769,135.55627883,41.55417189,107.14261718,0.01944334,-0.30793273,3.41681075,-1.07811253,3.24128586,0.00079036,0.19648737,0.10003201,9.79901798,-0.90336091,0.52536431,-0.82074414,4
117.37874122,31.96322479,41.55583747,6.50868014,135.65183380,41.55422883,107.14610608,0.01950935,-0.30781698,3.41752946,-1.07856055,3.24189615,0.00078646,0.19665690,0.10010651,9.79958117,-0.90410384,0.52632872,-0.82281814,4
117.37874224,31.96322452,41.55589592,6.47919676,135.74738698,41.55428574,107.14960180,0.01957533,-0.30770130,3.41824774,-1.07900831,3.24250608,0.00078257,0.19682634,0.10018095,9.80014403,-0.90484634,0.52729254,-0.82489087,4
117.37874325,31.96322425,41.55595433,6.44970755,135.84293835,41.55434263,107.15310552,0.01964125,-0.30758568,3.41896555,-1.07945577,3.24311561,0.00077868,0.19699565,0.10025535,9.80070651,-0.90558834,0.52825574,-0.82696226,4
117.37874426,31.96322398,41.55601270,6.42021249,135.93848792,41.55439946,107.15661825,0.01970714,-0.30747014,3.41968293,-1.07990297,3.24372479,0.00077480,0.19716487,0.10032971,9.80126865,-0.90632991,0.52921836,-0.82903242,4
117.37874526,31.96322372,41.55607104,6.39071157,136.03403567,41.55445626,107.16014110,0.01977299,-0.30735466,3.42039989,-1.08034990,3.24433357,0.00077092,0.19733399,0.10040401,9.80183045,-0.90707101,0.53018039,-0.83110129,4
117.37874628,31.96322345,41.55612934,6.36120476,136.12958161,41.55451303,107.16367497,0.01983878,-0.30723926,3.42111641,-1.08079657,3.24494201,0.00076703,0.19750302,0.10047828,9.80239193,-0.90781168,0.53114185,-0.83316897,4
117.37874729,31.96322318,41.55618762,6.33169205,136.22512573,41.55456979,107.16722085,0.01990456,-0.30712392,3.42183256,-1.08124300,3.24555013,0.00076314,0.19767195,0.10055252,9.80295310,-0.90855197,0.53210283,-0.83523556,4
117.37874830,31.96322292,41.55624586,6.30217341,136.32066802,41.55462650,107.17077966,0.01997030,-0.30700865,3.42254830,-1.08168917,3.24615789,0.00075925,0.19784078,0.10062671,9.80351396,-0.90929183,0.53306324,-0.83730099,4
117.37874931,31.96322265,41.55630407,6.27264883,136.41620847,41.55468318,107.17435228,0.02003601,-0.30689344,3.42326367,-1.08213512,3.24676536,0.00075538,0.19800953,0.10070086,9.80407452,-0.91003133,0.53402316,-0.83936533,4
117.37875033,31.96322238,41.55636226,6.24311828,136.51174707,41.55473983,107.17793951,0.02010168,-0.30677828,3.42397868,-1.08258085,3.24737251,0.00075150,0.19817821,0.10077497,9.80463481,-0.91077043,0.53498259,-0.84142862,4
117.37875134,31.96322211,41.55642040,6.21358174,136.60728382,41.55479646,107.18154228,0.02016731,-0.30666318,3.42469334,-1.08302635,3.24797937,0.00074762,0.19834679,0.10084904,9.80519483,-0.91150917,0.53594155,-0.84349091,4
117.37875235,31.96322185,41.55647853,6.18403917,136.70281871,41.55485307,107.18516148,0.02023292,-0.30654813,3.42540767,-1.08347164,3.24858594,0.00074376,0.19851530,0.10092308,9.80575458,-0.91224759,0.53690009,-0.84555227,4
117.37875337,31.96322157,41.55653664,6.15449056,136.79835173,41.55490964,107.18879756,0.02029849,-0.30643314,3.42612167,-1.08391672,3.24919222,0.00073989,0.19868372,0.10099710,9.80631406,-0.91298565,0.53785816,-0.84761263,4
117.37875437,31.96322131,41.55659471,6.12493587,136.89388286,41.55496619,107.19245075,0.02036404,-0.30631820,3.42683535,-1.08436162,3.24979824,0.00073602,0.19885207,0.10107107,9.80687330,-0.91372338,0.53881581,-0.84967209,4
117.37875538,31.96322105,41.55665276,6.09537508,136.98941211,41.55502271,107.19612096,0.02042957,-0.30620330,3.42754873,-1.08480633,3.25040401,0.00073215,0.19902034,0.10114501,9.80743231,-0.91446081,0.53977306,-0.85173071,4
117.37875639,31.96322077,41.55671078,6.06580815,137.08493946,41.55507922,107.19980804,0.02049506,-0.30608845,3.42826183,-1.08525086,3.25100954,0.00072829,0.19918855,0.10121892,9.80799110,-0.91519795,0.54072993,-0.85378849,4
117.37875740,31.96322051,41.55676879,6.03623506,137.18046491,41.55513570,107.20351183,0.02056053,-0.30597365,3.42897467,-1.08569520,3.25161485,0.00072443,0.19935670,0.10129281,9.80854968,-0.91593480,0.54168643,-0.85584550,4
117.37875841,31.96322026,41.55682677,6.00665578,137.27598843,41.55519216,107.20723207,0.02062597,-0.30585890,3.42968721,-1.08613939,3.25221990,0.00072056,0.19952479,0.10136666,9.80910804,-0.91667137,0.54264258,-0.85790169,4
117.37875942,31.96321997,41.55688473,5.97707029,137.37151004,41.55524860,107.21096844,0.02069138,-0.30574418,3.43039950,-1.08658343,3.25282474,0.00071670,0.19969281,0.10144050,9.80966619,-0.91740767,0.54359837,-0.85995716,4
117.37876044,31.96321971,41.55694267,5.94747855,137.46702971,41.55530503,107.21472069,0.02075678,-0.30562950,3.43111159,-1.08702731,3.25342940,0.00071284,0.19986078,0.10151431,9.81022416,-0.91814372,0.54455386,-0.86201197,4
117.37876145,31.96321946,41.55700060,5.91788054,137.56254743,41.55536142,107.21848857,0.02082216,-0.30551485,3.43182341,-1.08747106,3.25403386,0.00070898,0.20002870,0.10158809,9.81078197,-0.91887956,0.54550903,-0.86406612,4
117.37876246,31.96321919,41.55705851,5.88827624,137.65806321,41.55541781,107.22227179,0.02088752,-0.30540024,3.43253505,-1.08791466,3.25463815,0.00070512,0.20019657,0.10166186,9.81133962,-0.91961518,0.54646393,-0.86611967,4
117.37876347,31.96321892,41.55711640,5.85866563,137.75357702,41.55547418,107.22607026,0.02095286,-0.30528566,3.43324646,-1.08835814,3.25524224,0.00070126,0.20036437,0.10173559,9.81189707,-0.92035056,0.54741854,-0.86817259,4
117.37876449,31.96321864,41.55717427,5.82904866,137.84908887,41.55553053,107.22988392,0.02101819,-0.30517112,3.43395767,-1.08880150,3.25584616,0.00069741,0.20053213,0.10180931,9.81245438,-0.92108575,0.54837288,-0.87022495,4
117.37876549,31.96321837,41.55723214,5.79942533,137.94459875,41.55558688,107.23371292,0.02108350,-0.30505660,3.43466871,-1.08924475,3.25644994,0.00069355,0.20069987,0.10188301,9.81301155,-0.92182077,0.54932700,-0.87227681,4
117.37876650,31.96321811,41.55728998,5.76979560,138.04010664,41.55564321,107.23755763,0.02114879,-0.30494210,3.43537959,-1.08968789,3.25705359,0.00068969,0.20086756,0.10195670,9.81356860,-0.92255559,0.55028088,-0.87432818,4
117.37876751,31.96321784,41.55734782,5.74015945,138.13561254,41.55569952,107.24141858,0.02121406,-0.30482763,3.43609032,-1.09013093,3.25765709,0.00068585,0.20103521,0.10203036,9.81412552,-0.92329028,0.55123457,-0.87637912,4
117.37876853,31.96321758,41.55740564,5.71051685,138.23111643,41.55575582,107.24529649,0.02127932,-0.30471319,3.43680089,-1.09057389,3.25826047,0.00068200,0.20120283,0.10210401,9.81468233,-0.92402480,0.55218805,-0.87842961,4
117.37876953,31.96321731,41.55746345,5.68086777,138.32661832,41.55581211,107.24919207,0.02134457,-0.30459877,3.43751133,-1.09101676,3.25886375,0.00067815,0.20137042,0.10217765,9.81523904,-0.92475917,0.55314135,-0.88047972,4
117.37877054,31.96321703,41.55752125,5.65121218,138.42211818,41.55586840,107.25310585,0.02140982,-0.30448437,3.43822166,-1.09145955,3.25946691,0.00067429,0.20153797,0.10225128,9.81579565,-0.92549344,0.55409451,-0.88252949,4
117.37877155,31.96321677,41.55757904,5.62155005,138.51761601,41.55592467,107.25703810,0.02147505,-0.30437000,3.43893187,-1.09190228,3.26006999,0.00067044,0.20170549,0.10232489,9.81635218,-0.92622759,0.55504750,-0.88457894,4
117.37877256,31.96321650,41.55763683,5.59188136,138.61311181,41.55598094,107.26098907,0.02154027,-0.30425563,3.43964198,-1.09234495,3.26067299,0.00066659,0.20187300,0.10239850,9.81690863,-0.92696164,0.55600037,-0.88662813,4
117.37877357,31.96321624,41.55769461,5.56220606,138.70860555,41.55603720,107.26495901,0.02160548,-0.30414127,3.44035200,-1.09278756,3.26127590,0.00066274,0.20204049,0.10247209,9.81746501,-0.92769560,0.55695311,-0.88867705,4
117.37877458,31.96321598,41.55775237,5.53252413,138.80409723,41.55609346,107.26894808,0.02167068,-0.30402693,3.44106194,-1.09323013,3.26187875,0.00065889,0.20220796,0.10254568,9.81802133,-0.92842948,0.55790575,-0.89072574,4
117.37877559,31.96321570,41.55781014,5.50283554,138.89958684,41.55614971,107.27295642,0.02173588,-0.30391260,3.44177184,-1.09367266,3.26248156,0.00065504,0.20237542,0.10261926,9.81857760,-0.92916329,0.55885834,-0.89277428,4
117.37877661,31.96321543,41.55786791,5.47314025,138.99507436,41.55620595,107.27698423,0.02180107,-0.30379827,3.44248170,-1.09411516,3.26308432,0.00065120,0.20254287,0.10269283,9.81913383,-0.92989705,0.55981083,-0.89482265,4
117.37877761,31.96321516,41.55792567,5.44343823,139.09055980,41.55626219,107.28103162,0.02186627,-0.30368395,3.44319149,-1.09455763,3.26368705,0.00064735,0.20271030,0.10276640,9.81969004,-0.93063078,0.56076328,-0.89687092,4
117.37877862,31.96321489,41.55798342,5.41372945,139.18604313,41.55631843,107.28509881,0.02193145,-0.30356965,3.44390126,-1.09500007,3.26428975,0.00064350,0.20287773,0.10283996,9.82024622,-0.93136448,0.56171568,-0.89891911,4
117.37877963,31.96321462,41.55804117,5.38401388,139.28152434,41.55637467,107.28918592,0.02199664,-0.30345534,3.44461102,-1.09544252,3.26489244,0.00063966,0.20304515,0.10291352,9.82080237,-0.93209815,0.56266806,-0.90096724,4
117.37878064,31.96321437,41.55809893,5.35429148,139.37700343,41.55643091,107.29329298,0.02206182,-0.30334104,3.44532077,-1.09588497,3.26549513,0.00063581,0.20321257,0.10298709,9.82135853,-0.93283182,0.56362044,-0.90301537,4
117.37878166,31.96321409,41.55815669,5.32456221,139.47248039,41.55648715,107.29742020,0.02212701,-0.30322673,3.44603052,-1.09632742,3.26609782,0.00063196,0.20338000,0.10306067,9.82191471,-0.93356550,0.56457282,-0.90506352,4
117.37878267,31.96321382,41.55821445,5.29482606,139.56795520,41.55654339,107.30156771,0.02219220,-0.30311242,3.44674030,-1.09676988,3.26670052,0.00062811,0.20354741,0.10313424,9.82247091,-0.93429919,0.56552524,-0.90711172,4
117.37878368,31.96321356,41.55827220,5.26508297,139.66342785,41.55659963,107.30573557,0.02225740,-0.30299810,3.44745011,-1.09721234,3.26730325,0.00062426,0.20371486,0.10320781,9.82302713,-0.93503294,0.56647769,-0.90916001,4
117.37878468,31.96321329,41.55832996,5.23533293,139.75889833,41.55665586,107.30992397,0.02232259,-0.30288377,3.44815997,-1.09765485,3.26790602,0.00062041,0.20388231,0.10328139,9.82358336,-0.93576671,0.56743021,-0.91120841,4
117.37878570,31.96321302,41.55838773,5.20557588,139.85436663,41.55671211,107.31413303,0.02238778,-0.30276944,3.44886987,-1.09809739,3.26850884,0.00061656,0.20404978,0.10335497,9.82413964,-0.93650053,0.56838279,-0.91325697,4
117.37878670,31.96321276,41.55844551,5.17581181,139.94983274,41.55676836,107.31836288,0.02245299,-0.30265509,3.44957984,-1.09853997,3.26911170,0.00061271,0.20421725,0.10342856,9.82469597,-0.93723444,0.56933545,-0.91530573,4
117.37878770,31.96321248,41.55850328,5.14604067,140.04529664,41.55682462,107.32261376,0.02251821,-0.30254074,3.45028987,-1.09898260,3.26971463,0.00060887,0.20438474,0.10350216,9.82525237,-0.93796841,0.57028823,-0.91735471,4
117.37878872,31.96321221,41.55856107,5.11626243,140.14075834,41.55688090,107.32688579,0.02258343,-0.30242636,3.45100001,-1.09942528,3.27031765,0.00060502,0.20455224,0.10357576,9.82580882,-0.93870247,0.57124112,-0.91940395,4
117.37878974,31.96321194,41.55861886,5.08647706,140.23621780,41.55693717,107.33117920,0.02264866,-0.30231198,3.45171025,-1.09986801,3.27092075,0.00060117,0.20471978,0.10364938,9.82636536,-0.93943665,0.57219415,-0.92145348,4
117.37879074,31.96321167,41.55867667,5.05668451,140.33167503,41.55699346,107.33549417,0.02271390,-0.30219757,3.45242060,-1.10031082,3.27152393,0.00059732,0.20488735,0.10372301,9.82692199,-0.94017094,0.57314733,-0.92350331,4
117.37879175,31.96321140,41.55873447,5.02688476,140.42713001,41.55704976,107.33983091,0.02277915,-0.30208314,3.45313107,-1.10075371,3.27212723,0.00059346,0.20505495,0.10379665,9.82747873,-0.94090535,0.57410067,-0.92555352,4
117.37879276,31.96321114,41.55879230,4.99707777,140.52258272,41.55710606,107.34418963,0.02284442,-0.30196869,3.45384168,-1.10119669,3.27273065,0.00058961,0.20522257,0.10387030,9.82803556,-0.94163990,0.57505419,-0.92760411,4
117.37879377,31.96321087,41.55885013,4.96726349,140.61803317,41.55716237,107.34857054,0.02290970,-0.30185422,3.45455244,-1.10163976,3.27333419,0.00058576,0.20539023,0.10394397,9.82859251,-0.94237462,0.57600793,-0.92965514,4
117.37879479,31.96321059,41.55890798,4.93744190,140.71348132,41.55721870,107.35297391,0.02297499,-0.30173972,3.45526334,-1.10208292,3.27393785,0.00058191,0.20555793,0.10401767,9.82914958,-0.94310951,0.57696187,-0.93170662,4
117.37879580,31.96321032,41.55896585,4.90761295,140.80892718,41.55727505,107.35739998,0.02304030,-0.30162520,3.45597442,-1.10252619,3.27454166,0.00057805,0.20572566,0.10409136,9.82970678,-0.94384454,0.57791603,-0.93375856,4
117.37879681,31.96321005,41.55902373,4.87777661,140.90437073,41.55733142,107.36184899,0.02310563,-0.30151065,3.45668570,-1.10296958,3.27514564,0.00057419,0.20589344,0.10416509,9.83026414,-0.94457979,0.57887044,-0.93581108,4
117.37879781,31.96320979,41.55908162,4.84793285,140.99981196,41.55738779,107.36632114,0.02317096,-0.30139606,3.45739716,-1.10341310,3.27574979,0.00057034,0.20606125,0.10423884,9.83082164,-0.94531523,0.57982511,-0.93786414,4
117.37879882,31.96320951,41.55913953,4.81808161,141.09525085,41.55744418,107.37081671,0.02323633,-0.30128143,3.45810881,-1.10385674,3.27635409,0.00056649,0.20622913,0.10431260,9.83137931,-0.94605088,0.58078007,-0.93991781,4
117.37879983,31.96320924,41.55919746,4.78822286,141.19068739,41.55750058,107.37533590,0.02330171,-0.30116679,3.45882070,-1.10430051,3.27695859,0.00056263,0.20639706,0.10438639,9.83193715,-0.94678675,0.58173531,-0.94197209,4
117.37880084,31.96320898,41.55925541,4.75835657,141.28612157,41.55755700,107.37987898,0.02336711,-0.30105210,3.45953282,-1.10474441,3.27756327,0.00055877,0.20656505,0.10446020,9.83249516,-0.94752286,0.58269085,-0.94402700,4
117.37880185,31.96320870,41.55931338,4.72848269,141.38155338,41.55761345,107.38444621,0.02343254,-0.30093737,3.46024520,-1.10518849,3.27816818,0.00055491,0.20673309,0.10453404,9.83305337,-0.94825924,0.58364675,-0.94608268,4
117.37880285,31.96320843,41.55937136,4.69860119,141.47698280,41.55766992,107.38903783,0.02349799,-0.30082261,3.46095780,-1.10563271,3.27877329,0.00055105,0.20690118,0.10460790,9.83361178,-0.94899588,0.58460296,-0.94813908,4
117.37880387,31.96320817,41.55942936,4.66871201,141.57240981,41.55772641,107.39365408,0.02356347,-0.30070779,3.46167068,-1.10607711,3.27937864,0.00054718,0.20706934,0.10468179,9.83417040,-0.94973279,0.58555954,-0.95019626,4
117.37880487,31.96320790,41.55948740,4.63881513,141.66783441,41.55778291,107.39829511,0.02362897,-0.30059293,3.46238384,-1.10652167,3.27998422,0.00054331,0.20723757,0.10475572,9.83472923,-0.95046998,0.58651648,-0.95225421,4
117.37880588,31.96320762,41.55954546,4.60891049,141.76325659,41.55783944,107.40296116,0.02369450,-0.30047803,3.46309727,-1.10696640,3.28059003,0.00053945,0.20740586,0.10482967,9.83528828,-0.95120746,0.58747380,-0.95431294,4
117.37880689,31.96320736,41.55960353,4.57899807,141.85867632,41.55789600,107.40765263,0.02376005,-0.30036307,3.46381104,-1.10741134,3.28119613,0.00053558,0.20757423,0.10490365,9.83584759,-0.95194529,0.58843159,-0.95637268,4
117.37880789,31.96320709,41.55966164,4.54907781,141.95409359,41.55795258,107.41236961,0.02382563,-0.30024807,3.46452511,-1.10785649,3.28180248,0.00053172,0.20774268,0.10497766,9.83640714,-0.95268343,0.58938977,-0.95843328,4
117.37880890,31.96320682,41.55971977,4.51914967,142.04950840,41.55800918,107.41711225,0.02389124,-0.30013301,3.46523952,-1.10830182,3.28240911,0.00052783,0.20791120,0.10505170,9.83696694,-0.95342190,0.59034838,-0.96049481,4
117.37880991,31.96320655,41.55977793,4.48921361,142.14492072,41.55806581,107.42188081,0.02395689,-0.30001789,3.46595426,-1.10874737,3.28301603,0.00052396,0.20807980,0.10512578,9.83752702,-0.95416072,0.59130745,-0.96255733,4
117.37881092,31.96320628,41.55983611,4.45926960,142.24033054,41.55812248,107.42667554,0.02402257,-0.29990273,3.46666933,-1.10919313,3.28362323,0.00052008,0.20824847,0.10519990,9.83808735,-0.95489990,0.59226695,-0.96462078,4
117.37881194,31.96320601,41.55989433,4.42931757,142.33573785,41.55817917,107.43149665,0.02408827,-0.29978749,3.46738481,-1.10963916,3.28423077,0.00051620,0.20841725,0.10527406,9.83864799,-0.95563950,0.59322702,-0.96668544,4
117.37881295,31.96320574,41.55995259,4.39935750,142.43114263,41.55823589,107.43634435,0.02415402,-0.29967220,3.46810065,-1.11008538,3.28483863,0.00051232,0.20858611,0.10534826,9.83920895,-0.95637946,0.59418758,-0.96875116,4
117.37881395,31.96320546,41.56001087,4.36938933,142.52654487,41.55829263,107.44121883,0.02421981,-0.29955686,3.46881685,-1.11053185,3.28544680,0.00050844,0.20875505,0.10542250,9.83977018,-0.95711980,0.59514863,-0.97081793,4
117.37881496,31.96320519,41.56006918,4.33941302,142.62194456,41.55834941,107.44612041,0.02428563,-0.29944144,3.46953349,-1.11097859,3.28605534,0.00050456,0.20892410,0.10549678,9.84033173,-0.95786060,0.59611025,-0.97288593,4
117.37881598,31.96320492,41.56012754,4.30942853,142.71734167,41.55840623,107.45104934,0.02435147,-0.29932596,3.47025052,-1.11142557,3.28666420,0.00050067,0.20909323,0.10557109,9.84089360,-0.95860180,0.59707239,-0.97495504,4
117.37881698,31.96320466,41.56018593,4.27943581,142.81273619,41.55846309,107.45600578,0.02441737,-0.29921040,3.47096801,-1.11187283,3.28727345,0.00049678,0.20926248,0.10564547,9.84145582,-0.95934346,0.59803515,-0.97702550,4
117.37881799,31.96320439,41.56024434,4.24943481,142.90812812,41.55851998,107.46099003,0.02448332,-0.29909478,3.47168594,-1.11232037,3.28788308,0.00049289,0.20943183,0.10571989,9.84201839,-0.96008558,0.59899849,-0.97909721,4
117.37881900,31.96320411,41.56030279,4.21942549,143.00351742,41.55857691,107.46600242,0.02454929,-0.29897908,3.47240428,-1.11276816,3.28849307,0.00048900,0.20960129,0.10579435,9.84258129,-0.96082815,0.59996241,-0.98117013,4
117.37882000,31.96320383,41.56036129,4.18940781,143.09890410,41.55863386,107.47104318,0.02461531,-0.29886330,3.47312315,-1.11321628,3.28910350,0.00048510,0.20977086,0.10586885,9.84314459,-0.96157124,0.60092701,-0.98324454,4
117.37882101,31.96320356,41.56041983,4.15938171,143.19428812,41.55869085,107.47611255,0.02468136,-0.29874745,3.47384245,-1.11366468,3.28971428,0.00048120,0.20994054,0.10594341,9.84370824,-0.96231478,0.60189222,-0.98532025,4
117.37882202,31.96320329,41.56047841,4.12934714,143.28966948,41.55874789,107.48121084,0.02474748,-0.29863151,3.47456227,-1.11411339,3.29032552,0.00047730,0.21011033,0.10601802,9.84427228,-0.96305886,0.60285810,-0.98739744,4
117.37882303,31.96320302,41.56053703,4.09930406,143.38504816,41.55880497,107.48633828,0.02481364,-0.29851552,3.47528259,-1.11456242,3.29093718,0.00047340,0.21028025,0.10609268,9.84483673,-0.96380347,0.60382466,-0.98947607,4
117.37882404,31.96320276,41.56059568,4.06925243,143.48042414,41.55886208,107.49149516,0.02487984,-0.29839944,3.47600340,-1.11501176,3.29154926,0.00046949,0.21045028,0.10616739,9.84540156,-0.96454856,0.60479187,-0.99155610,4
117.37882505,31.96320249,41.56065438,4.03919218,143.57579741,41.55891924,107.49668183,0.02494610,-0.29828325,3.47672481,-1.11546147,3.29216185,0.00046557,0.21062046,0.10624217,9.84596687,-0.96529428,0.60575990,-0.99363788,4
117.37882605,31.96320221,41.56071313,4.00912328,143.67116796,41.55897645,107.50189873,0.02501242,-0.29816698,3.47744674,-1.11591150,3.29277487,0.00046166,0.21079075,0.10631700,9.84653258,-0.96604055,0.60672862,-0.99572114,4
117.37882706,31.96320195,41.56077192,3.97904567,143.76653575,41.55903370,107.50714627,0.02507877,-0.29805062,3.47816923,-1.11636188,3.29338836,0.00045774,0.21096118,0.10639189,9.84709872,-0.96678739,0.60769809,-0.99780601,4
117.37882807,31.96320168,41.56083076,3.94895929,143.86190079,41.55909100,107.51242485,0.02514518,-0.29793416,3.47889230,-1.11681263,3.29400236,0.00045382,0.21113175,0.10646683,9.84766532,-0.96753484,0.60866834,-0.99989258,4
117.37882909,31.96320141,41.56088964,3.91886411,143.95726304,41.55914833,107.51773489,0.02521163,-0.29781762,3.47961591,-1.11726372,3.29461682,0.00044990,0.21130245,0.10654183,9.84823234,-0.96828282,0.60963932,-1.00198069,4
117.37883009,31.96320114,41.56094858,3.88876006,144.05262249,41.55920571,107.52307688,0.02527816,-0.29770097,3.48034021,-1.11771523,3.29523185,0.00044596,0.21147328,0.10661691,9.84879991,-0.96903153,0.61061123,-1.00407081,4
117.37883110,31.96320087,41.56100756,3.85864709,144.14797914,41.55926314,107.52845122,0.02534474,-0.29758422,3.48106509,-1.11816709,3.29584738,0.00044204,0.21164427,0.10669205,9.84936794,-0.96978085,0.61158391,-1.00616259,4
117.37883211,31.96320060,41.56106660,3.82852516,144.24333294,41.55932062,107.53385834,0.02541137,-0.29746738,3.48179058,-1.11861934,3.29646343,0.00043811,0.21181541,0.10676726,9.84993642,-0.97053077,0.61255739,-1.00825610,4
117.37883311,31.96320033,41.56112569,3.79839419,144.33868390,41.55937816,107.53929874,0.02547807,-0.29735042,3.48251675,-1.11907203,3.29708007,0.00043418,0.21198671,0.10684253,9.85050546,-0.97128144,0.61353183,-1.01035167,4
117.37883413,31.96320005,41.56118483,3.76825414,144.43403199,41.55943576,107.54477288,0.02554481,-0.29723337,3.48324355,-1.11952509,3.29769723,0.00043024,0.21215815,0.10691785,9.85107498,-0.97203273,0.61450707,-1.01244897,4
117.37883514,31.96319978,41.56124403,3.73810496,144.52937719,41.55949341,107.55028133,0.02561163,-0.29711620,3.48397107,-1.11997860,3.29831499,0.00042628,0.21232977,0.10699326,9.85164507,-0.97278476,0.61548327,-1.01454833,4
117.37883614,31.96319951,41.56130329,3.70794658,144.62471948,41.55955110,107.55582464,0.02567851,-0.29699892,3.48469926,-1.12043253,3.29893333,0.00042234,0.21250154,0.10706875,9.85221566,-0.97353749,0.61646037,-1.01664965,4
117.37883714,31.96319924,41.56136258,3.67777895,144.72005884,41.55960885,107.56140332,0.02574545,-0.29688153,3.48542807,-1.12088685,3.29955220,0.00041839,0.21267347,0.10714429,9.85278677,-0.97429088,0.61743834,-1.01875280,4
117.37883816,31.96319896,41.56142196,3.64760200,144.81539526,41.55966667,107.56701798,0.02581247,-0.29676402,3.48615774,-1.12134171,3.30017181,0.00041444,0.21284559,0.10721992,9.85335854,-0.97504514,0.61841746,-1.02085841,4
117.37883916,31.96319868,41.56148140,3.61741568,144.91072871,41.55972455,107.57266927,0.02587954,-0.29664639,3.48688810,-1.12179701,3.30079198,0.00041048,0.21301786,0.10729562,9.85393085,-0.97580011,0.61939748,-1.02296599,4
117.37884016,31.96319842,41.56154089,3.58721993,145.00605917,41.55978247,107.57835790,0.02594669,-0.29652865,3.48761916,-1.12225274,3.30141278,0.00040652,0.21319032,0.10737140,9.85450373,-0.97655582,0.62037848,-1.02507565,4
117.37884116,31.96319815,41.56160044,3.55701468,145.10138663,41.55984046,107.58408449,0.02601391,-0.29641078,3.48835106,-1.12270899,3.30203427,0.00040255,0.21336297,0.10744726,9.85507723,-0.97731238,0.62136057,-1.02718766,4
117.37884218,31.96319787,41.56166005,3.52679987,145.19671106,41.55989850,107.58984977,0.02608120,-0.29629279,3.48908367,-1.12316568,3.30265635,0.00039858,0.21353578,0.10752319,9.85565130,-0.97806966,0.62234359,-1.02930172,4
117.37884318,31.96319759,41.56171973,3.49657544,145.29203244,41.55995662,107.59565462,0.02614857,-0.29617465,3.48981715,-1.12362290,3.30327918,0.00039460,0.21370880,0.10759921,9.85622605,-0.97882786,0.62332781,-1.03141832,4
117.37884418,31.96319732,41.56177948,3.46634132,145.38735075,41.56001480,107.60149982,0.02621601,-0.29605639,3.49055139,-1.12408062,3.30390267,0.00039061,0.21388200,0.10767532,9.85680142,-0.97958688,0.62431309,-1.03353716,4
117.37884519,31.96319705,41.56183929,3.43609743,145.48266596,41.56007304,107.60738618,0.02628351,-0.29593802,3.49128641,-1.12453881,3.30452681,0.00038664,0.21405538,0.10775151,9.85737739,-0.98034667,0.62529936,-1.03565820,4
117.37884621,31.96319678,41.56189918,3.40584372,145.57797805,41.56013136,107.61331474,0.02635110,-0.29581948,3.49202243,-1.12499762,3.30515179,0.00038265,0.21422899,0.10782779,9.85795413,-0.98110749,0.62628697,-1.03778209,4
117.37884721,31.96319651,41.56195915,3.37558012,145.67328700,41.56018974,107.61928645,0.02641877,-0.29570081,3.49275922,-1.12545691,3.30577744,0.00037865,0.21440278,0.10790416,9.85853148,-0.98186910,0.62727564,-1.03990823,4
117.37884823,31.96319624,41.56201917,3.34530654,145.76859279,41.56024819,107.62530228,0.02648653,-0.29558202,3.49349686,-1.12591675,3.30640383,0.00037465,0.21457679,0.10798062,9.85910950,-0.98263161,0.62826544,-1.04203688,4
117.37884924,31.96319596,41.56207927,3.31502292,145.86389539,41.56030671,107.63136333,0.02655436,-0.29546306,3.49423547,-1.12637719,3.30703101,0.00037064,0.21475102,0.10805718,9.85968829,-0.98339511,0.62925655,-1.04416828,4
117.37885024,31.96319568,41.56213945,3.28472918,145.95919477,41.56036530,107.63747078,0.02662227,-0.29534397,3.49497490,-1.12683812,3.30765889,0.00036664,0.21492545,0.10813382,9.86026770,-0.98415946,0.63024875,-1.04630204,4
117.37885125,31.96319541,41.56219970,3.25442524,146.05449091,41.56042398,107.64362582,0.02669027,-0.29522472,3.49571534,-1.12729969,3.30828764,0.00036263,0.21510011,0.10821057,9.86084791,-0.98492486,0.63124233,-1.04843876,4
117.37885224,31.96319514,41.56226002,3.22411102,146.14978379,41.56048272,107.64982974,0.02675837,-0.29510532,3.49645671,-1.12776184,3.30891717,0.00035861,0.21527500,0.10828741,9.86142885,-0.98569121,0.63223712,-1.05057810,4
117.37885324,31.96319486,41.56232042,3.19378644,146.24507337,41.56054153,107.65608378,0.02682654,-0.29498577,3.49719893,-1.12822454,3.30954742,0.00035457,0.21545008,0.10836434,9.86201046,-0.98645845,0.63323307,-1.05271991,4
117.37885425,31.96319459,41.56238092,3.16345142,146.34035963,41.56060043,107.66238935,0.02689482,-0.29486604,3.49794234,-1.12868796,3.31017869,0.00035055,0.21562543,0.10844139,9.86259300,-0.98722693,0.63423060,-1.05486518,4
117.37885526,31.96319432,41.56244148,3.13310587,146.43564253,41.56065941,107.66874790,0.02696318,-0.29474617,3.49868666,-1.12915195,3.31081073,0.00034652,0.21580102,0.10851854,9.86317625,-0.98799632,0.63522936,-1.05701304,4
117.37885626,31.96319405,41.56250213,3.10274970,146.53092206,41.56071846,107.67516089,0.02703162,-0.29462613,3.49943193,-1.12961652,3.31144357,0.00034248,0.21597682,0.10859579,9.86376023,-0.98876671,0.63622941,-1.05916367,4
117.37885727,31.96319377,41.56256286,3.07238282,146.62619817,41.56077761,107.68162990,0.02710018,-0.29450592,3.50017837,-1.13008183,3.31207740,0.00033843,0.21615290,0.10867316,9.86434515,-0.98953831,0.63723100,-1.06131766,4
117.37885828,31.96319350,41.56262368,3.04200514,146.72147085,41.56083683,107.68815657,0.02716883,-0.29438555,3.50092574,-1.13054773,3.31271203,0.00033437,0.21632920,0.10875063,9.86493081,-0.99031086,0.63823388,-1.06347437,4
117.37885929,31.96319322,41.56268459,3.01161655,146.81674004,41.56089614,107.69474261,0.02723758,-0.29426500,3.50167424,-1.13101433,3.31334764,0.00033032,0.21650577,0.10882821,9.86551733,-0.99108459,0.63923825,-1.06563430,4
117.37886031,31.96319295,41.56274559,2.98121696,146.91200573,41.56095554,107.70138975,0.02730643,-0.29414427,3.50242385,-1.13148163,3.31398418,0.00032626,0.21668259,0.10890592,9.86610474,-0.99185948,0.64024413,-1.06779748,4
117.37886131,31.96319268,41.56280667,2.95080627,147.00726788,41.56101502,107.70809985,0.02737535,-0.29402338,3.50317446,-1.13194954,3.31462156,0.00032219,0.21685965,0.10898372,9.86669291,-0.99263538,0.64125133,-1.06996351,4
117.37886231,31.96319240,41.56286786,2.92038437,147.10252645,41.56107460,107.71487481,0.02744441,-0.29390228,3.50392638,-1.13241824,3.31526003,0.00031811,0.21703701,0.10906164,9.86728210,-0.99341263,0.64226027,-1.07213328,4
117.37886332,31.96319213,41.56292913,2.88995114,147.19778141,41.56113425,107.72171652,0.02751357,-0.29378101,3.50467937,-1.13288764,3.31589943,0.00031403,0.21721464,0.10913969,9.86787215,-0.99419101,0.64327067,-1.07430618,4
117.37886433,31.96319185,41.56299049,2.85950649,147.29303271,41.56119399,107.72862702,0.02758281,-0.29365956,3.50543338,-1.13335767,3.31653970,0.00030994,0.21739250,0.10921785,9.86846301,-0.99497044,0.64428245,-1.07648203,4
117.37886533,31.96319158,41.56305196,2.82905029,147.38828033,41.56125386,107.73560839,0.02765220,-0.29353789,3.50618888,-1.13382863,3.31718122,0.00030585,0.21757072,0.10929616,9.86905500,-0.99575138,0.64529619,-1.07866214,4
117.37886634,31.96319131,41.56311352,2.79858243,147.48352422,41.56131381,107.74266278,0.02772169,-0.29341604,3.50694544,-1.13430026,3.31782366,0.00030175,0.21774918,0.10937458,9.86964785,-0.99653346,0.64631141,-1.08084537,4
117.37886736,31.96319103,41.56317518,2.76810277,147.57876434,41.56137385,107.74979245,0.02779128,-0.29329401,3.50770314,-1.13477259,3.31846706,0.00029763,0.21792791,0.10945312,9.87024159,-0.99731669,0.64732813,-1.08303188,4
117.37886834,31.96319075,41.56323696,2.73761120,147.67400064,41.56143400,107.75699958,0.02786100,-0.29317175,3.50846231,-1.13524583,3.31911171,0.00029352,0.21810700,0.10953181,9.87083648,-0.99810145,0.64834682,-1.08522260,4
117.37886936,31.96319048,41.56329882,2.70710759,147.76923310,41.56149424,107.76428652,0.02793083,-0.29304929,3.50922261,-1.13571979,3.31975732,0.00028940,0.21828634,0.10961062,9.87143226,-0.99888737,0.64936702,-1.08741659,4
117.37887036,31.96319019,41.56336079,2.67659179,147.86446165,41.56155459,107.77165564,0.02800079,-0.29292664,3.50998418,-1.13619454,3.32040401,0.00028528,0.21846600,0.10968956,9.87202904,-0.99967462,0.65038895,-1.08961430,4
117.37887137,31.96318993,41.56342290,2.64606368,147.95968626,41.56161504,107.77910944,0.02807087,-0.29280376,3.51074723,-1.13667021,3.32105195,0.00028113,0.21864599,0.10976865,9.87262697,-1.00046339,0.65141284,-1.09181620,4
117.37887237,31.96318966,41.56348507,2.61552311,148.05490687,41.56167560,107.78665038,0.02814106,-0.29268068,3.51151146,-1.13714661,3.32170091,0.00027699,0.21882626,0.10984786,9.87322582,-1.00125336,0.65243832,-1.09402152,4
117.37887338,31.96318937,41.56354737,2.58496993,148.15012344,41.56173627,107.79428715,0.02821139,-0.29255736,3.51227713,-1.13762390,3.32235107,0.00027283,0.21900687,0.10992722,9.87382579,-1.00204484,0.65346571,-1.09623100,4
117.37887438,31.96318910,41.56360979,2.55440397,148.24533592,41.56179705,107.80202015,0.02828184,-0.29243381,3.51304424,-1.13810210,3.32300247,0.00026868,0.21918783,0.11000673,9.87442692,-1.00283783,0.65449508,-1.09844469,4
117.37887538,31.96318883,41.56367232,2.52382509,148.34054424,41.56185793,107.80984395,0.02835241,-0.29231006,3.51381261,-1.13858108,3.32365493,0.00026452,0.21936908,0.11008637,9.87502901,-1.00363209,0.65552611,-1.10066196,4
117.37887639,31.96318855,41.56373498,2.49323313,148.43574837,41.56191894,107.81776175,0.02842312,-0.29218606,3.51458256,-1.13906106,3.32430872,0.00026034,0.21955069,0.11016618,9.87563233,-1.00442797,0.65655926,-1.10288378,4
117.37887740,31.96318828,41.56379775,2.46262794,148.53094825,41.56198007,107.82577668,0.02849397,-0.29206181,3.51535398,-1.13954195,3.32496377,0.00025616,0.21973266,0.11024615,9.87623683,-1.00522539,0.65759440,-1.10510988,4
117.37887840,31.96318800,41.56386064,2.43200934,148.62614382,41.56204129,107.83389204,0.02856494,-0.29193736,3.51612670,-1.14002364,3.32561991,0.00025197,0.21991494,0.11032624,9.87684233,-1.00602416,0.65863126,-1.10733970,4
117.37887941,31.96318772,41.56392365,2.40137718,148.72133503,41.56210266,107.84211110,0.02863607,-0.29181263,3.51690115,-1.14050639,3.32627754,0.00024778,0.22009762,0.11040651,9.87744918,-1.00682470,0.65967046,-1.10957450,4
117.37888042,31.96318745,41.56398679,2.37073127,148.81652181,41.56216414,107.85043715,0.02870733,-0.29168766,3.51767709,-1.14099010,3.32693644,0.00024358,0.22028066,0.11048694,9.87805722,-1.00762679,0.66071166,-1.11181366,4
117.37888142,31.96318717,41.56405004,2.34007144,148.91170412,41.56222572,107.85887345,0.02877873,-0.29156248,3.51845439,-1.14147465,3.32759649,0.00023936,0.22046402,0.11056750,9.87866631,-1.00843029,0.66175468,-1.11405672,4
117.37888243,31.96318690,41.56411343,2.30939750,149.00688188,41.56228746,107.86742341,0.02885030,-0.29143698,3.51923355,-1.14196037,3.32825810,0.00023513,0.22064781,0.11064826,9.87927687,-1.00923571,0.66280019,-1.11630513,4
117.37888344,31.96318662,41.56417697,2.27870927,149.10205504,41.56234933,107.87609036,0.02892200,-0.29131125,3.52001427,-1.14244705,3.32892104,0.00023090,0.22083198,0.11072917,9.87988863,-1.01004274,0.66384778,-1.11855803,4
117.37888445,31.96318634,41.56424061,2.24800653,149.19722353,41.56241131,107.88487764,0.02899383,-0.29118529,3.52079639,-1.14293460,3.32958520,0.00022667,0.22101647,0.11081025,9.88050152,-1.01085124,0.66489729,-1.12081503,4
117.37888545,31.96318608,41.56430442,2.21728910,149.29238727,41.56247343,107.89378862,0.02906584,-0.29105899,3.52158050,-1.14342339,3.33025102,0.00022242,0.22120144,0.11089152,9.88111595,-1.01166177,0.66594943,-1.12307771,4
117.37888644,31.96318579,41.56436835,2.18655677,149.38754621,41.56253569,107.90282663,0.02913801,-0.29093244,3.52236623,-1.14391320,3.33091821,0.00021816,0.22138679,0.11097296,9.88173165,-1.01247398,0.66700378,-1.12534508,4
117.37888745,31.96318551,41.56443241,2.15580931,149.48270026,41.56259807,107.91199503,0.02921031,-0.29080566,3.52315344,-1.14440394,3.33158669,0.00021388,0.22157247,0.11105456,9.88234851,-1.01328773,0.66806011,-1.12761676,4
117.37888845,31.96318524,41.56449664,2.12504652,149.57784937,41.56266060,107.92129712,0.02928280,-0.29067855,3.52394273,-1.14489595,3.33225691,0.00020961,0.22175866,0.11113637,9.88296700,-1.01410361,0.66911922,-1.12989440,4
117.37888946,31.96318496,41.56456101,2.09426817,149.67299344,41.56272328,107.93073621,0.02935546,-0.29055115,3.52473376,-1.14538904,3.33292858,0.00020532,0.22194525,0.11121836,9.88358684,-1.01492130,0.67018062,-1.13217702,4
117.37889046,31.96318468,41.56462550,2.06347403,149.76813240,41.56278608,107.94031559,0.02942824,-0.29042351,3.52552633,-1.14588312,3.33360161,0.00020102,0.22213221,0.11130051,9.88420791,-1.01574060,0.67124414,-1.13446417,4
117.37889147,31.96318441,41.56469017,2.03266386,149.86326618,41.56284905,107.95003856,0.02950125,-0.29029552,3.52632106,-1.14637852,3.33427646,0.00019671,0.22231968,0.11138289,9.88483064,-1.01656210,0.67231054,-1.13675747,4
117.37889247,31.96318413,41.56475499,2.00183743,149.95839469,41.56291217,107.95990837,0.02957440,-0.29016723,3.52711763,-1.14687509,3.33495287,0.00019239,0.22250758,0.11146546,9.88545486,-1.01738552,0.67337941,-1.13905614,4
117.37889348,31.96318385,41.56481995,1.97099449,150.05351786,41.56297542,107.96992818,0.02964772,-0.29003867,3.52791585,-1.14737268,3.33563068,0.00018807,0.22269587,0.11154819,9.88608036,-1.01821065,0.67445053,-1.14135960,4
117.37889449,31.96318357,41.56488509,1.94013479,150.14863559,41.56303884,107.98010122,0.02972123,-0.28990975,3.52871626,-1.14787164,3.33631034,0.00018373,0.22288468,0.11163115,9.88670754,-1.01903802,0.67552454,-1.14366929,4
117.37889549,31.96318330,41.56495037,1.90925807,150.24374780,41.56310242,107.99043061,0.02979493,-0.28978051,3.52951869,-1.14837186,3.33699173,0.00017938,0.22307397,0.11171433,9.88733635,-1.01986750,0.67660129,-1.14598489,4
117.37889649,31.96318302,41.56501581,1.87836408,150.33885440,41.56316615,108.00091939,0.02986879,-0.28965099,3.53032287,-1.14887317,3.33767458,0.00017502,0.22326366,0.11179768,9.88796652,-1.02069879,0.67768038,-1.14830553,4
117.37889750,31.96318274,41.56508143,1.84745253,150.43395530,41.56323003,108.01157070,0.02994283,-0.28952113,3.53112922,-1.14937584,3.33835929,0.00017065,0.22345387,0.11188126,9.88859837,-1.02153231,0.67876238,-1.15063240,4
117.37889850,31.96318247,41.56514724,1.81652318,150.52905041,41.56329411,108.02238745,0.03001709,-0.28939089,3.53193784,-1.14987991,3.33904594,0.00016627,0.22364462,0.11196508,9.88923199,-1.02236820,0.67984742,-1.15296583,4
117.37889951,31.96318220,41.56521318,1.78557573,150.62413964,41.56335833,108.03337261,0.03009153,-0.28926036,3.53274831,-1.15038513,3.33973414,0.00016187,0.22383580,0.11204908,9.88986708,-1.02320596,0.68093494,-1.15530459,4
117.37890050,31.96318191,41.56527930,1.75460991,150.71922289,41.56342271,108.04452912,0.03016617,-0.28912950,3.53356089,-1.15089166,3.34042414,0.00015747,0.22402749,0.11213331,9.89050381,-1.02404593,0.68202528,-1.15764941,4
117.37890150,31.96318163,41.56534563,1.72362543,150.81430006,41.56348729,108.05585976,0.03024104,-0.28899821,3.53437602,-1.15139980,3.34111632,0.00015304,0.22421977,0.11221779,9.89114255,-1.02488854,0.68311907,-1.16000166,4
117.37890251,31.96318135,41.56541213,1.69262201,150.90937105,41.56355204,108.06736736,0.03031608,-0.28886662,3.53519311,-1.15190916,3.34181015,0.00014862,0.22441250,0.11230249,9.89178283,-1.02573316,0.68421548,-1.16235954,4
117.37890352,31.96318108,41.56547878,1.66159934,151.00443577,41.56361694,108.07905461,0.03039131,-0.28873469,3.53601221,-1.15241976,3.34250568,0.00014418,0.22460570,0.11238740,9.89242468,-1.02657987,0.68531460,-1.16472321,4
117.37890451,31.96318079,41.56554567,1.63055713,151.09949411,41.56368208,108.09092414,0.03046681,-0.28860230,3.53683420,-1.15293217,3.34320369,0.00013973,0.22479961,0.11247259,9.89306881,-1.02742958,0.68641759,-1.16709525,4
117.37890551,31.96318051,41.56561273,1.59949508,151.19454597,41.56374738,108.10297849,0.03054250,-0.28846958,3.53765834,-1.15344593,3.34390350,0.00013526,0.22499402,0.11255802,9.89371460,-1.02828149,0.68752346,-1.16947344,4
117.37890652,31.96318023,41.56567995,1.56841287,151.28959124,41.56381285,108.11522023,0.03061837,-0.28833651,3.53848455,-1.15396097,3.34460507,0.00013077,0.22518891,0.11264366,9.89436203,-1.02913555,0.68863211,-1.17185764,4
117.37890753,31.96317995,41.56574741,1.53731020,151.38462982,41.56387853,108.12765178,0.03069452,-0.28820301,3.53931350,-1.15447771,3.34530897,0.00012628,0.22538447,0.11272958,9.89501161,-1.02999243,0.68974444,-1.17424975,4
117.37890853,31.96317967,41.56581508,1.50618676,151.47966160,41.56394442,108.14027545,0.03077090,-0.28806908,3.54014504,-1.15499606,3.34601508,0.00012178,0.22558062,0.11281575,9.89566317,-1.03085200,0.69086022,-1.17664929,4
117.37890954,31.96317939,41.56588292,1.47504221,151.57468646,41.56401048,108.15309360,0.03084747,-0.28793481,3.54097876,-1.15551580,3.34672303,0.00011726,0.22577729,0.11290218,9.89631649,-1.03171382,0.69197897,-1.17905516,4
117.37891054,31.96317911,41.56595097,1.44387625,151.66970430,41.56407674,108.16610840,0.03092426,-0.28780014,3.54181499,-1.15603708,3.34743311,0.00011272,0.22597453,0.11298886,9.89697176,-1.03257822,0.69310105,-1.18146824,4
117.37891154,31.96317883,41.56601927,1.41268854,151.76471501,41.56414325,108.17932201,0.03100135,-0.28766494,3.54265433,-1.15656030,3.34814585,0.00010817,0.22617253,0.11307585,9.89762948,-1.03344588,0.69422734,-1.18389037,4
117.37891254,31.96317855,41.56608777,1.38147875,151.85971846,41.56420994,108.19273647,0.03107866,-0.28752937,3.54349613,-1.15708505,3.34886066,0.00010361,0.22637110,0.11316310,9.89828911,-1.03431603,0.69535690,-1.18631952,4
117.37891355,31.96317827,41.56615648,1.35024656,151.95471455,41.56427684,108.20635376,0.03115621,-0.28739341,3.54434036,-1.15761132,3.34957753,0.00009903,0.22657023,0.11325061,9.89895064,-1.03518870,0.69648970,-1.18875566,4
117.37891455,31.96317799,41.56622541,1.31899162,152.04970316,41.56434397,108.22017581,0.03123403,-0.28725694,3.54518765,-1.15813952,3.35029701,0.00009443,0.22677011,0.11333843,9.89961460,-1.03606455,0.69762666,-1.19120073,4
117.37891556,31.96317771,41.56629460,1.28771359,152.14468416,41.56441133,108.23420440,0.03131211,-0.28712001,3.54603784,-1.15866949,3.35101894,0.00008982,0.22697066,0.11342655,9.90028081,-1.03694340,0.69876748,-1.19365412,4
117.37891654,31.96317743,41.56636397,1.25641214,152.23965745,41.56447890,108.24844121,0.03139043,-0.28698268,3.54689054,-1.15920104,3.35174302,0.00008520,0.22717180,0.11351494,9.90094899,-1.03782483,0.69991168,-1.19611476,4
117.37891754,31.96317714,41.56643358,1.22508692,152.33462290,41.56454669,108.26288796,0.03146899,-0.28684492,3.54774594,-1.15973428,3.35246937,0.00008058,0.22737358,0.11360360,9.90161929,-1.03870907,0.70105948,-1.19858319,4
117.37891854,31.96317687,41.56650349,1.19373758,152.42958039,41.56461475,108.27754622,0.03154789,-0.28670655,3.54860503,-1.16026983,3.35319886,0.00007592,0.22757624,0.11369265,9.90229246,-1.03959712,0.70221227,-1.20106226,4
117.37891955,31.96317658,41.56657362,1.16236377,152.52452980,41.56468304,108.29241746,0.03162705,-0.28656775,3.54946691,-1.16080709,3.35393073,0.00007123,0.22777955,0.11378199,9.90296784,-1.04048804,0.70336877,-1.20354938,4
117.37892055,31.96317630,41.56664398,1.13096514,152.61947100,41.56475156,108.30750305,0.03170646,-0.28642850,3.55033151,-1.16134607,3.35466491,0.00006656,0.22798350,0.11387161,9.90364535,-1.04138179,0.70452895,-1.20604435,4
117.37892156,31.96317602,41.56671459,1.09954134,152.71440387,41.56482030,108.32280432,0.03178616,-0.28628873,3.55119930,-1.16188703,3.35540178,0.00006185,0.22818820,0.11396154,9.90432534,-1.04227883,0.70569338,-1.20854853,4
117.37892255,31.96317574,41.56678551,1.06809201,152.80932829,41.56488936,108.33832259,0.03186620,-0.28614836,3.55207080,-1.16243030,3.35614182,0.00005712,0.22839377,0.11405187,9.90500825,-1.04317969,0.70686280,-1.21106342,4
117.37892355,31.96317545,41.56685667,1.03661678,152.90424412,41.56495865,108.35366821,0.03194652,-0.28600753,3.55294530,-1.16297543,3.35688440,0.00005238,0.22860006,0.11414253,9.90569352,-1.04408367,0.70803623,-1.21358695,4
117.37892456,31.96317517,41.56692807,1.00511664,152.99915159,41.56502819,108.36933180,0.03202712,-0.28586621,3.55382279,-1.16352245,3.35762953,0.00004763,0.22880704,0.11423349,9.90638111,-1.04499073,0.70921371,-1.21611913,4
117.37892556,31.96317490,41.56699977,0.97358957,153.09405006,41.56509799,108.38570086,0.03210802,-0.28572432,3.55470384,-1.16407167,3.35837768,0.00004285,0.22901487,0.11432480,9.90707150,-1.04590149,0.71039594,-1.21866157,4
117.37892657,31.96317461,41.56707178,0.94203524,153.18893940,41.56516811,108.40228210,0.03218930,-0.28558180,3.55558882,-1.16462333,3.35912916,0.00003806,0.22922363,0.11441653,9.90776497,-1.04681628,0.71158343,-1.22121532,4
117.37892757,31.96317433,41.56714406,0.91045329,153.28381950,41.56523849,108.41907550,0.03227088,-0.28543874,3.55647703,-1.16517703,3.35988338,0.00003323,0.22943316,0.11450860,9.90846100,-1.04773443,0.71277529,-1.22377843,4
117.37892857,31.96317405,41.56721660,0.87884337,153.37869022,41.56530913,108.43608109,0.03235276,-0.28529516,3.55736852,-1.16573277,3.36064039,0.00002841,0.22964345,0.11460099,9.90915957,-1.04865598,0.71397152,-1.22635100,4
117.37892956,31.96317376,41.56728945,0.84720514,153.47355144,41.56538007,108.45329885,0.03243499,-0.28515097,3.55826377,-1.16629084,3.36140058,0.00002356,0.22985463,0.11469379,9.90986108,-1.04958139,0.71517281,-1.22893442,4
117.37893056,31.96317347,41.56736266,0.81553824,153.56840305,41.56545135,108.47072878,0.03251761,-0.28500608,3.55916334,-1.16685161,3.36216446,0.00001867,0.23006684,0.11478703,9.91056601,-1.05051128,0.71637992,-1.23153032,4
117.37893157,31.96317319,41.56743615,0.78384234,153.66324490,41.56552291,108.48837090,0.03260056,-0.28486062,3.56006651,-1.16741461,3.36293138,0.00001377,0.23027988,0.11488064,9.91127372,-1.05144487,0.71759182,-1.23413654,4
117.37893258,31.96317290,41.56750992,0.75211707,153.75807688,41.56559475,108.50622519,0.03268384,-0.28471459,3.56097322,-1.16797986,3.36370133,0.00000886,0.23049375,0.11497462,9.91198421,-1.05238217,0.71880849,-1.23675307,4
117.37893357,31.96317263,41.56758402,0.72036209,153.85289887,41.56566690,108.52429167,0.03276747,-0.28456796,3.56188370,-1.16854742,3.36447445,0.00000392,0.23070852,0.11506900,9.91269768,-1.05332333,0.72003023,-1.23938045,4
117.37893455,31.96317234,41.56765850,0.68857706,153.94771073,41.56573944,108.54257033,0.03285154,-0.28442051,3.56279912,-1.16911806,3.36525178,-0.00000104,0.23092447,0.11516389,9.91341500,-1.05426962,0.72125860,-1.24202208,4
117.37893555,31.96317204,41.56773333,0.65676162,154.04251235,41.56581231,108.56106117,0.03293599,-0.28427245,3.56371858,-1.16969122,3.36603252,-0.00000602,0.23114136,0.11525920,9.91413549,-1.05522004,0.72249235,-1.24467532,4
117.37893656,31.96317176,41.56780848,0.62491542,154.13730360,41.56588546,108.57976419,0.03302080,-0.28412373,3.56464196,-1.17026684,3.36681663,-0.00001102,0.23135919,0.11535491,9.91485908,-1.05617455,0.72373139,-1.24733995,4
117.37893756,31.96317148,41.56788394,0.59303812,154.23208435,41.56595894,108.59867940,0.03310599,-0.28397435,3.56556941,-1.17084499,3.36760417,-0.00001605,0.23157795,0.11545102,9.91558582,-1.05713325,0.72497591,-1.25001629,4
117.37893856,31.96317119,41.56795978,0.56112936,154.32685448,41.56603279,108.61780679,0.03319157,-0.28382425,3.56650145,-1.17142599,3.36839559,-0.00002109,0.23179781,0.11554763,9.91631615,-1.05809671,0.72622654,-1.25270585,4
117.37893956,31.96317091,41.56803604,0.52918881,154.42161387,41.56610705,108.63714636,0.03327765,-0.28367329,3.56743865,-1.17201023,3.36919142,-0.00002619,0.23201887,0.11564478,9.91705056,-1.05906548,0.72748411,-1.25541031,4
117.37894056,31.96317062,41.56811266,0.49721610,154.51636239,41.56618167,108.65669811,0.03336414,-0.28352163,3.56838028,-1.17259721,3.36999100,-0.00003128,0.23224100,0.11574238,9.91778841,-1.06003885,0.72874765,-1.25812758,4
117.37894155,31.96317034,41.56818964,0.46521089,154.61109991,41.56625663,108.67646205,0.03345103,-0.28336926,3.56932636,-1.17318697,3.37079437,-0.00003641,0.23246419,0.11584044,9.91852977,-1.06101684,0.73001715,-1.26085771,4
117.37894256,31.96317005,41.56826701,0.43317284,154.70582632,41.56633196,108.69643817,0.03353835,-0.28321616,3.57027705,-1.17377962,3.37160167,-0.00004157,0.23268843,0.11593898,9.91927476,-1.06199957,0.73129285,-1.26360113,4
117.37894355,31.96316976,41.56834480,0.40110158,154.80054148,41.56640768,108.71662647,0.03362612,-0.28306224,3.57123277,-1.17437539,3.37241321,-0.00004676,0.23291388,0.11603804,9.92002365,-1.06298750,0.73257527,-1.26635903,4
117.37894455,31.96316948,41.56842303,0.36899679,154.89524527,41.56648387,108.73702695,0.03371444,-0.28290738,3.57219433,-1.17497482,3.37322972,-0.00005196,0.23314069,0.11613772,9.92077713,-1.06398147,0.73386554,-1.26913380,4
117.37894556,31.96316919,41.56850169,0.33685809,154.98993757,41.56656047,108.75763960,0.03380320,-0.28275171,3.57316092,-1.17557737,3.37405050,-0.00005720,0.23336872,0.11623791,9.92153456,-1.06498064,0.73516256,-1.27192311,4
117.37894655,31.96316891,41.56858075,0.30468516,155.08461826,41.56663747,108.77846444,0.03389246,-0.28259520,3.57413263,-1.17618307,3.37487562,-0.00006248,0.23359792,0.11633862,9.92229599,-1.06598508,0.73646643,-1.27472713,4
117.37894754,31.96316863,41.56866025,0.27247763,155.17928720,41.56671487,108.79950144,0.03398218,-0.28243785,3.57510956,-1.17679208,3.37570517,-0.00006778,0.23382837,0.11643987,9.92306152,-1.06699493,0.73777730,-1.27754624,4
117.37894853,31.96316834,41.56874020,0.24023516,155.27394427,41.56679271,108.82075062,0.03407242,-0.28227966,3.57609190,-1.17740446,3.37653934,-0.00007309,0.23406010,0.11654170,9.92383126,-1.06801039,0.73909547,-1.28038098,4
117.37894954,31.96316805,41.56882063,0.20795741,155.36858935,41.56687102,108.84221197,0.03416318,-0.28212046,3.57708029,-1.17802058,3.37737862,-0.00007845,0.23429325,0.11664416,9.92460578,-1.06903208,0.74042174,-1.28323316,4
117.37895053,31.96316776,41.56890157,0.17564401,155.46322232,41.56694984,108.86388548,0.03425455,-0.28196024,3.57807509,-1.17864073,3.37822334,-0.00008385,0.23452790,0.11674727,9.92538531,-1.07006042,0.74175659,-1.28610384,4
117.37895153,31.96316746,41.56898300,0.14329463,155.55784305,41.56702914,108.88577116,0.03434644,-0.28179908,3.57907578,-1.17926452,3.37907308,-0.00008928,0.23476396,0.11685099,9.92616946,-1.07109483,0.74309938,-1.28899152,4
117.37895252,31.96316717,41.56906492,0.11090891,155.65245141,41.56710891,108.90786900,0.03443890,-0.28163693,3.58008249,-1.17989208,3.37992793,-0.00009472,0.23500143,0.11695532,9.92695831,-1.07213548,0.74445023,-1.29189657,4
117.37895351,31.96316688,41.56914735,0.07848651,155.74704728,41.56718916,108.93017899,0.03453195,-0.28147381,3.58109540,-1.18052350,3.38078803,-0.00010022,0.23524037,0.11706032,9.92775203,-1.07318252,0.74580939,-1.29481952,4
117.37895452,31.96316659,41.56923029,0.04602708,155.84163053,41.56726994,108.95270114,0.03462556,-0.28130965,3.58211467,-1.18115888,3.38165354,-0.00010575,0.23548080,0.11716597,9.92855072,-1.07423613,0.74717710,-1.29776083,4
117.37895551,31.96316630,41.56931376,0.01353026,155.93620105,41.56735121,108.97543543,0.03471977,-0.28114442,3.58314053,-1.18179838,3.38252466,-0.00011130,0.23572279,0.11727230,9.92935460,-1.07529658,0.74855364,-1.30072113,4
117.37895651,31.96316601,41.56939781,-0.01900429,156.03075870,41.56743306,108.99838187,0.03481464,-0.28097807,3.58417344,-1.18244227,3.38340176,-0.00011689,0.23596642,0.11737937,9.93016399,-1.07636430,0.74993965,-1.30370180,4
117.37895750,31.96316572,41.56948248,-0.05157692,156.12530336,41.56751551,109.02154045,0.03491021,-0.28081046,3.58521406,-1.18309098,3.38428540,-0.00012253,0.23621192,0.11748723,9.93097943,-1.07743999,0.75133603,-1.30670474,4
117.37895850,31.96316542,41.56956776,-0.08418797,156.21983491,41.56759853,109.04491116,0.03500645,-0.28064172,3.58626188,-1.18374417,3.38517517,-0.00012822,0.23645907,0.11759584,9.93180052,-1.07852314,0.75274205,-1.30972844,4
117.37895949,31.96316513,41.56965362,-0.11683780,156.31435322,41.56768214,109.06849400,0.03510337,-0.28047177,3.58731711,-1.18440196,3.38607120,-0.00013393,0.23670799,0.11770521,9.93262740,-1.07961391,0.75415799,-1.31277347,4
117.37896048,31.96316485,41.56974010,-0.14952676,156.40885817,41.56776636,109.09228896,0.03520098,-0.28030059,3.58837995,-1.18506453,3.38697371,-0.00013970,0.23695871,0.11781538,9.93346024,-1.08071258,0.75558415,-1.31584053,4
117.37896148,31.96316455,41.56982723,-0.18225519,156.50334963,41.56785120,109.11629603,0.03529934,-0.28012816,3.58945066,-1.18573197,3.38788291,-0.00014550,0.23721130,0.11792635,9.93429925,-1.08181940,0.75702090,-1.31893027,4
117.37896248,31.96316425,41.56991503,-0.21502345,156.59782748,41.56793668,109.14051522,0.03539841,-0.27995441,3.59052950,-1.18640450,3.38879900,-0.00015135,0.23746579,0.11803816,9.93514463,-1.08293459,0.75846854,-1.32204350,4
117.37896347,31.96316397,41.57000349,-0.24783188,156.69229159,41.56802282,109.16494650,0.03549826,-0.27977929,3.59161673,-1.18708224,3.38972223,-0.00015725,0.23772224,0.11815087,9.93599659,-1.08405847,0.75992744,-1.32518092,4
117.37896447,31.96316368,41.57009268,-0.28068082,156.78674184,41.56810968,109.18958987,0.03559893,-0.27960279,3.59271265,-1.18776541,3.39065281,-0.00016318,0.23798076,0.11826446,9.93685534,-1.08519131,0.76139798,-1.32834338,4
117.37896545,31.96316339,41.57018259,-0.31357064,156.88117811,41.56819722,109.21444534,0.03570040,-0.27942484,3.59381752,-1.18845417,3.39159103,-0.00016917,0.23824138,0.11837898,9.93772113,-1.08633343,0.76288057,-1.33153171,4
117.37896643,31.96316307,41.57027323,-0.34650168,156.97560026,41.56828550,109.23951287,0.03580274,-0.27924541,3.59493169,-1.18914869,3.39253711,-0.00017521,0.23850421,0.11849448,9.93859417,-1.08748513,0.76437559,-1.33474683,4
117.37896744,31.96316279,41.57036470,-0.37947428,157.07000818,41.56837456,109.26479248,0.03590593,-0.27906442,3.59605543,-1.18984924,3.39349135,-0.00018131,0.23876930,0.11861095,9.93947479,-1.08864676,0.76588351,-1.33798964,4
117.37896842,31.96316249,41.57045693,-0.41248880,157.16440173,41.56846436,109.29028414,0.03601007,-0.27888184,3.59718914,-1.19055595,3.39445402,-0.00018745,0.23903669,0.11872845,9.94036314,-1.08981868,0.76740475,-1.34126113,4
117.37896941,31.96316219,41.57055002,-0.44554558,157.25878081,41.56855502,109.31598785,0.03611514,-0.27869759,3.59833312,-1.19126908,3.39542545,-0.00019365,0.23930657,0.11884703,9.94125958,-1.09100121,0.76893982,-1.34456236,4
117.37897041,31.96316189,41.57064397,-0.47864497,157.35314527,41.56864651,109.34190359,0.03622087,-0.27851138,3.59948788,-1.19198894,3.39640600,-0.00019994,0.23957884,0.11896627,9.94216169,-1.09219250,0.77048992,-1.34789449,4
117.37897140,31.96316159,41.57073295,-0.51178733,157.44749500,41.56873299,109.36803137,0.03615272,-0.27820126,3.60067235,-1.19273241,3.39741005,-0.00021571,0.23978752,0.11882923,9.94151204,-1.09204173,0.77243056,-1.35124350,4
117.37897239,31.96316129,41.56964608,-0.54497300,157.54182986,41.56764608,109.39437116,0.00108650,-0.25344732,3.60559270,-1.19682730,3.40123875,-0.00211943,0.22675206,0.06718965,9.62865939,-0.82107753,0.84953728,-1.35158753,4
117.37897339,31.96316098,41.56855156,-0.57820233,157.63614975,41.56655156,109.40759403,-0.03413512,-0.22802913,3.61060664,-1.20101247,3.40513386,-0.00407040,0.21328153,0.01545764,9.31305837,-0.53814712,0.92698551,-1.35160755,4
