heading_error_deg,angular_error_deg,lat_error,pursuit_control_deg,stanley_control_deg,steer_angle_deg,preview_dist,preview_idx,closest_idx,target_east,target_north,target_yaw_deg,closest_east,closest_north,closest_yaw_deg,cur_east,cur_north,cur_yaw_deg,cur_spd
-5.26901,-13.7071,0.381038,-9.41062,82.3473,45.6441,4.00316,50,17,-6.388,1.853,-22.545,-3.984,-1.419,17423.1,-4.26722,-1.67894,-17.276,0.00316228
-5.26901,-13.7071,0.381038,-9.41062,82.3473,45.6441,4.00316,50,17,-6.388,1.853,-22.545,-3.984,-1.419,17423.1,-4.26722,-1.67894,-17.276,0.00316228
-5.26901,-13.7071,0.381038,-9.41062,82.3473,45.6441,4.00316,50,17,-6.388,1.853,-22.545,-3.984,-1.419,17423.1,-4.26722,-1.67894,-17.276,0.00316228
-5.267,-13.7048,0.381032,-9.4091,82.3493,45.6459,4.00316,50,17,-6.388,1.853,-22.545,-3.984,-1.419,17423.1,-4.26728,-1.67888,-17.278,0.00316228
-5.267,-13.7048,0.381032,-9.4091,82.3493,45.6459,4.00316,50,17,-6.388,1.853,-22.545,-3.984,-1.419,17423.1,-4.26728,-1.67888,-17.278,0.00316228
-5.267,-13.7048,0.381032,-9.4091,82.3493,45.6459,4.00316,50,17,-6.388,1.853,-22.545,-3.984,-1.419,17423.1,-4.26728,-1.67888,-17.278,0.00316228
-5.267,-13.7048,0.381032,-9.4091,82.3493,45.6459,4.00316,50,17,-6.388,1.853,-22.545,-3.984,-1.419,17423.1,-4.26728,-1.67888,-17.278,0.00316228
-5.267,-13.7048,0.381032,-9.4091,82.3493,45.6459,4.00316,50,17,-6.388,1.853,-22.545,-3.984,-1.419,17423.1,-4.26728,-1.67888,-17.278,0.00316228
-5.26801,-13.7068,0.380983,-9.41048,82.348,45.6446,4.00316,50,17,-6.388,1.853,-22.545,-3.984,-1.419,17423.1,-4.26717,-1.6789,-17.277,0.00316228
-5.26801,-13.7068,0.380983,-9.41048,82.348,45.6446,4.00316,50,17,-6.388,1.853,-22.545,-3.984,-1.419,17423.1,-4.26717,-1.6789,-17.277,0.00316228
-5.26801,-13.7068,0.380983,-9.41048,82.348,45.6446,4.00316,50,17,-6.388,1.853,-22.545,-3.984,-1.419,17423.1,-4.26717,-1.6789,-17.277,0.00316228
-5.26801,-13.7068,0.380983,-9.41048,82.348,45.6446,4.00316,50,17,-6.388,1.853,-22.545,-3.984,-1.419,17423.1,-4.26717,-1.6789,-17.277,0.00316228
-5.26801,-13.7068,0.380983,-9.41048,82.348,45.6446,4.00316,50,17,-6.388,1.853,-22.545,-3.984,-1.419,17423.1,-4.26717,-1.6789,-17.277,0.00316228
-5.267,-13.7043,0.380998,-9.41093,83.0446,46.0624,4.00224,50,17,-6.388,1.853,-22.545,-3.984,-1.419,17423.1,-4.26741,-1.67873,-17.278,0.00223607
-5.267,-13.7043,0.380998,-9.41093,83.0446,46.0624,4.00224,50,17,-6.388,1.853,-22.545,-3.984,-1.419,17423.1,-4.26741,-1.67873,-17.278,0.00223607
-5.267,-13.7043,0.380998,-9.41093,83.0446,46.0624,4.00224,50,17,-6.388,1.853,-22.545,-3.984,-1.419,17423.1,-4.26741,-1.67873,-17.278,0.00223607
-5.267,-13.7043,0.380998,-9.41093,83.0446,46.0624,4.00224,50,17,-6.388,1.853,-22.545,-3.984,-1.419,17423.1,-4.26741,-1.67873,-17.278,0.00223607
-5.267,-13.7043,0.380998,-9.41093,83.0446,46.0624,4.00224,50,17,-6.388,1.853,-22.545,-3.984,-1.419,17423.1,-4.26741,-1.67873,-17.278,0.00223607
-5.267,-13.7038,0.381006,-9.40848,82.3491,45.6461,4.00316,50,17,-6.388,1.853,-22.545,-3.984,-1.419,17423.1,-4.26747,-1.67868,-17.278,0.00316228
-5.267,-13.7038,0.381006,-9.40848,82.3491,45.6461,4.00316,50,17,-6.388,1.853,-22.545,-3.984,-1.419,17423.1,-4.26747,-1.67868,-17.278,0.00316228
-5.267,-13.7038,0.381006,-9.40848,82.3491,45.6461,4.00316,50,17,-6.388,1.853,-22.545,-3.984,-1.419,17423.1,-4.26747,-1.67868,-17.278,0.00316228
-5.267,-13.7038,0.381006,-9.40848,82.3491,45.6461,4.00316,50,17,-6.388,1.853,-22.545,-3.984,-1.419,17423.1,-4.26747,-1.67868,-17.278,0.00316228
-5.267,-13.7038,0.381006,-9.40848,82.3491,45.6461,4.00316,50,17,-6.388,1.853,-22.545,-3.984,-1.419,17423.1,-4.26747,-1.67868,-17.278,0.00316228
-5.267,-13.7025,0.381038,-9.40975,83.0448,46.063,4.00224,50,17,-6.388,1.853,-22.545,-3.984,-1.419,17423.1,-4.26764,-1.67858,-17.278,0.00223607
-5.267,-13.7025,0.381038,-9.40975,83.0448,46.063,4.00224,50,17,-6.388,1.853,-22.545,-3.984,-1.419,17423.1,-4.26764,-1.67858,-17.278,0.00223607
-5.267,-13.7025,0.381038,-9.40975,83.0448,46.063,4.00224,50,17,-6.388,1.853,-22.545,-3.984,-1.419,17423.1,-4.26764,-1.67858,-17.278,0.00223607
-5.267,-13.7025,0.381038,-9.40975,83.0448,46.063,4.00224,50,17,-6.388,1.853,-22.545,-3.984,-1.419,17423.1,-4.26764,-1.67858,-17.278,0.00223607
-5.267,-13.7025,0.381038,-9.40975,83.0448,46.063,4.00224,50,17,-6.388,1.853,-22.545,-3.984,-1.419,17423.1,-4.26764,-1.67858,-17.278,0.00223607
-5.267,-13.7032,0.380991,-9.41023,83.0446,46.0627,4.00224,50,17,-6.388,1.853,-22.545,-3.984,-1.419,17423.1,-4.2676,-1.67856,-17.278,0.00223607
-5.267,-13.7032,0.380991,-9.41023,83.0446,46.0627,4.00224,50,17,-6.388,1.853,-22.545,-3.984,-1.419,17423.1,-4.2676,-1.67856,-17.278,0.00223607
-5.267,-13.7032,0.380991,-9.41023,83.0446,46.0627,4.00224,50,17,-6.388,1.853,-22.545,-3.984,-1.419,17423.1,-4.2676,-1.67856,-17.278,0.00223607
-5.267,-13.7032,0.380991,-9.41023,83.0446,46.0627,4.00224,50,17,-6.388,1.853,-22.545,-3.984,-1.419,17423.1,-4.2676,-1.67856,-17.278,0.00223607
-5.267,-13.7032,0.380991,-9.41023,83.0446,46.0627,4.00224,50,17,-6.388,1.853,-22.545,-3.984,-1.419,17423.1,-4.2676,-1.67856,-17.278,0.00223607
-5.26901,-13.7036,0.381026,-9.411,83.2201,46.1677,4.002,50,17,-6.388,1.853,-22.545,-3.984,-1.419,17423.1,-4.26782,-1.67842,-17.276,0.002
-5.26901,-13.7036,0.381026,-9.411,83.2201,46.1677,4.002,50,17,-6.388,1.853,-22.545,-3.984,-1.419,17423.1,-4.26782,-1.67842,-17.276,0.002
-5.26901,-13.7036,0.381026,-9.411,83.2201,46.1677,4.002,50,17,-6.388,1.853,-22.545,-3.984,-1.419,17423.1,-4.26782,-1.67842,-17.276,0.002
-5.26901,-13.7036,0.381026,-9.411,83.2201,46.1677,4.002,50,17,-6.388,1.853,-22.545,-3.984,-1.419,17423.1,-4.26782,-1.67842,-17.276,0.002
-5.26901,-13.7036,0.381026,-9.411,83.2201,46.1677,4.002,50,17,-6.388,1.853,-22.545,-3.984,-1.419,17423.1,-4.26782,-1.67842,-17.276,0.002
-5.27103,-13.7056,0.380999,-9.41235,83.218,46.1658,4.002,50,17,-6.388,1.853,-22.545,-3.984,-1.419,17423.1,-4.26786,-1.67835,-17.274,0.002
-5.27103,-13.7056,0.380999,-9.41235,83.218,46.1658,4.002,50,17,-6.388,1.853,-22.545,-3.984,-1.419,17423.1,-4.26786,-1.67835,-17.274,0.002
-5.27103,-13.7056,0.380999,-9.41235,83.218,46.1658,4.002,50,17,-6.388,1.853,-22.545,-3.984,-1.419,17423.1,-4.26786,-1.67835,-17.274,0.002
-5.27103,-13.7056,0.380999,-9.41235,83.218,46.1658,4.002,50,17,-6.388,1.853,-22.545,-3.984,-1.419,17423.1,-4.26786,-1.67835,-17.274,0.002
-5.27103,-13.7056,0.380999,-9.41235,83.218,46.1658,4.002,50,17,-6.388,1.853,-22.545,-3.984,-1.419,17423.1,-4.26786,-1.67835,-17.274,0.002
-5.27103,-13.706,0.380967,-9.41258,83.2178,46.1657,4.002,50,17,-6.388,1.853,-22.545,-3.984,-1.419,17423.1,-4.26785,-1.67832,-17.274,0.002
-5.27103,-13.706,0.380967,-9.41258,83.2178,46.1657,4.002,50,17,-6.388,1.853,-22.545,-3.984,-1.419,17423.1,-4.26785,-1.67832,-17.274,0.002
-5.27103,-13.706,0.380967,-9.41258,83.2178,46.1657,4.002,50,17,-6.388,1.853,-22.545,-3.984,-1.419,17423.1,-4.26785,-1.67832,-17.274,0.002
-5.27103,-13.706,0.380967,-9.41258,83.2178,46.1657,4.002,50,17,-6.388,1.853,-22.545,-3.984,-1.419,17423.1,-4.26785,-1.67832,-17.274,0.002
-5.27103,-13.706,0.380967,-9.41258,83.2178,46.1657,4.002,50,17,-6.388,1.853,-22.545,-3.984,-1.419,17423.1,-4.26785,-1.67832,-17.274,0.002
-5.27402,-13.7121,0.380811,-9.41395,82.3409,45.639,4.00316,50,17,-6.388,1.853,-22.545,-3.984,-1.419,17423.1,-4.26757,-1.67835,-17.271,0.00316228
-5.27402,-13.7121,0.380811,-9.41395,82.3409,45.639,4.00316,50,17,-6.388,1.853,-22.545,-3.984,-1.419,17423.1,-4.26757,-1.67835,-17.271,0.00316228
-5.27402,-13.7121,0.380811,-9.41395,82.3409,45.639,4.00316,50,17,-6.388,1.853,-22.545,-3.984,-1.419,17423.1,-4.26757,-1.67835,-17.271,0.00316228
-5.27402,-13.7121,0.380811,-9.41395,82.3409,45.639,4.00316,50,17,-6.388,1.853,-22.545,-3.984,-1.419,17423.1,-4.26757,-1.67835,-17.271,0.00316228
-5.27402,-13.7121,0.380811,-9.41395,82.3409,45.639,4.00316,50,17,-6.388,1.853,-22.545,-3.984,-1.419,17423.1,-4.26757,-1.67835,-17.271,0.00316228
-5.27301,-13.711,0.38082,-9.41538,83.0378,46.0565,4.00224,50,17,-6.388,1.853,-22.545,-3.984,-1.419,17423.1,-4.26757,-1.67836,-17.272,0.00223607
-5.27301,-13.711,0.38082,-9.41538,83.0378,46.0565,4.00224,50,17,-6.388,1.853,-22.545,-3.984,-1.419,17423.1,-4.26757,-1.67836,-17.272,0.00223607
-5.27301,-13.711,0.38082,-9.41538,83.0378,46.0565,4.00224,50,17,-6.388,1.853,-22.545,-3.984,-1.419,17423.1,-4.26757,-1.67836,-17.272,0.00223607
-5.27301,-13.711,0.38082,-9.41538,83.0378,46.0565,4.00224,50,17,-6.388,1.853,-22.545,-3.984,-1.419,17423.1,-4.26757,-1.67836,-17.272,0.00223607
-5.27301,-13.711,0.38082,-9.41538,83.0378,46.0565,4.00224,50,17,-6.388,1.853,-22.545,-3.984,-1.419,17423.1,-4.26757,-1.67836,-17.272,0.00223607
-5.27103,-13.7099,0.380809,-9.41247,82.3439,45.6413,4.00316,50,17,-6.388,1.853,-22.545,-3.984,-1.419,17423.1,-4.26745,-1.67845,-17.274,0.00316228
-5.27103,-13.7099,0.380809,-9.41247,82.3439,45.6413,4.00316,50,17,-6.388,1.853,-22.545,-3.984,-1.419,17423.1,-4.26745,-1.67845,-17.274,0.00316228
-5.27103,-13.7099,0.380809,-9.41247,82.3439,45.6413,4.00316,50,17,-6.388,1.853,-22.545,-3.984,-1.419,17423.1,-4.26745,-1.67845,-17.274,0.00316228
-5.27103,-13.7099,0.380809,-9.41247,82.3439,45.6413,4.00316,50,17,-6.388,1.853,-22.545,-3.984,-1.419,17423.1,-4.26745,-1.67845,-17.274,0.00316228
-5.27103,-13.7099,0.380809,-9.41247,82.3439,45.6413,4.00316,50,17,-6.388,1.853,-22.545,-3.984,-1.419,17423.1,-4.26745,-1.67845,-17.274,0.00316228
-5.27301,-13.7119,0.380814,-9.41383,82.3419,45.6396,4.00316,50,17,-6.388,1.853,-22.545,-3.984,-1.419,17423.1,-4.26743,-1.67847,-17.272,0.00316228
-5.27301,-13.7119,0.380814,-9.41383,82.3419,45.6396,4.00316,50,17,-6.388,1.853,-22.545,-3.984,-1.419,17423.1,-4.26743,-1.67847,-17.272,0.00316228
-5.27301,-13.7119,0.380814,-9.41383,82.3419,45.6396,4.00316,50,17,-6.388,1.853,-22.545,-3.984,-1.419,17423.1,-4.26743,-1.67847,-17.272,0.00316228
-5.27301,-13.7119,0.380814,-9.41383,82.3419,45.6396,4.00316,50,17,-6.388,1.853,-22.545,-3.984,-1.419,17423.1,-4.26743,-1.67847,-17.272,0.00316228
-5.27301,-13.7119,0.380814,-9.41383,82.3419,45.6396,4.00316,50,17,-6.388,1.853,-22.545,-3.984,-1.419,17423.1,-4.26743,-1.67847,-17.272,0.00316228
-5.272,-13.713,0.38075,-9.41452,82.3425,45.6397,4.00316,50,17,-6.388,1.853,-22.545,-3.984,-1.419,17423.1,-4.26718,-1.67859,-17.273,0.00316228
-5.272,-13.713,0.38075,-9.41452,82.3425,45.6397,4.00316,50,17,-6.388,1.853,-22.545,-3.984,-1.419,17423.1,-4.26718,-1.67859,-17.273,0.00316228
-5.272,-13.713,0.38075,-9.41452,82.3425,45.6397,4.00316,50,17,-6.388,1.853,-22.545,-3.984,-1.419,17423.1,-4.26718,-1.67859,-17.273,0.00316228
-5.272,-13.713,0.38075,-9.41452,82.3425,45.6397,4.00316,50,17,-6.388,1.853,-22.545,-3.984,-1.419,17423.1,-4.26718,-1.67859,-17.273,0.00316228
-5.272,-13.713,0.38075,-9.41452,82.3425,45.6397,4.00316,50,17,-6.388,1.853,-22.545,-3.984,-1.419,17423.1,-4.26718,-1.67859,-17.273,0.00316228
-5.27301,-13.7142,0.380738,-9.41748,83.0375,46.0555,4.00224,50,17,-6.388,1.853,-22.545,-3.984,-1.419,17423.1,-4.26716,-1.67859,-17.272,0.00223607
-5.27301,-13.7142,0.380738,-9.41748,83.0375,46.0555,4.00224,50,17,-6.388,1.853,-22.545,-3.984,-1.419,17423.1,-4.26716,-1.67859,-17.272,0.00223607
-5.27301,-13.7142,0.380738,-9.41748,83.0375,46.0555,4.00224,50,17,-6.388,1.853,-22.545,-3.984,-1.419,17423.1,-4.26716,-1.67859,-17.272,0.00223607
-5.27301,-13.7142,0.380738,-9.41748,83.0375,46.0555,4.00224,50,17,-6.388,1.853,-22.545,-3.984,-1.419,17423.1,-4.26716,-1.67859,-17.272,0.00223607
-5.27301,-13.7142,0.380738,-9.41748,83.0375,46.0555,4.00224,50,17,-6.388,1.853,-22.545,-3.984,-1.419,17423.1,-4.26716,-1.67859,-17.272,0.00223607
-5.27402,-13.7166,0.3807,-9.41695,82.3402,45.6373,4.00316,50,17,-6.388,1.853,-22.545,-3.984,-1.419,17423.1,-4.26698,-1.67869,-17.271,0.00316228
-5.27402,-13.7166,0.3807,-9.41695,82.3402,45.6373,4.00316,50,17,-6.388,1.853,-22.545,-3.984,-1.419,17423.1,-4.26698,-1.67869,-17.271,0.00316228
-5.27402,-13.7166,0.3807,-9.41695,82.3402,45.6373,4.00316,50,17,-6.388,1.853,-22.545,-3.984,-1.419,17423.1,-4.26698,-1.67869,-17.271,0.00316228
-5.27402,-13.7166,0.3807,-9.41695,82.3402,45.6373,4.00316,50,17,-6.388,1.853,-22.545,-3.984,-1.419,17423.1,-4.26698,-1.67869,-17.271,0.00316228
-5.27402,-13.7166,0.3807,-9.41695,82.3402,45.6373,4.00316,50,17,-6.388,1.853,-22.545,-3.984,-1.419,17423.1,-4.26698,-1.67869,-17.271,0.00316228
-5.27402,-13.7172,0.380672,-9.41948,83.0362,46.0539,4.00224,50,17,-6.388,1.853,-22.545,-3.984,-1.419,17423.1,-4.26693,-1.6787,-17.271,0.00223607
-5.27402,-13.7172,0.380672,-9.41948,83.0362,46.0539,4.00224,50,17,-6.388,1.853,-22.545,-3.984,-1.419,17423.1,-4.26693,-1.6787,-17.271,0.00223607
-5.27402,-13.7172,0.380672,-9.41948,83.0362,46.0539,4.00224,50,17,-6.388,1.853,-22.545,-3.984,-1.419,17423.1,-4.26693,-1.6787,-17.271,0.00223607
-5.27402,-13.7172,0.380672,-9.41948,83.0362,46.0539,4.00224,50,17,-6.388,1.853,-22.545,-3.984,-1.419,17423.1,-4.26693,-1.6787,-17.271,0.00223607
-5.27402,-13.7172,0.380672,-9.41948,83.0362,46.0539,4.00224,50,17,-6.388,1.853,-22.545,-3.984,-1.419,17423.1,-4.26693,-1.6787,-17.271,0.00223607
-5.27301,-13.7189,0.380572,-9.41848,82.3404,45.6369,4.00316,50,17,-6.388,1.853,-22.545,-3.984,-1.419,17423.1,-4.26662,-1.67883,-17.272,0.00316228
-5.27301,-13.7189,0.380572,-9.41848,82.3404,45.6369,4.00316,50,17,-6.388,1.853,-22.545,-3.984,-1.419,17423.1,-4.26662,-1.67883,-17.272,0.00316228
-5.27301,-13.7189,0.380572,-9.41848,82.3404,45.6369,4.00316,50,17,-6.388,1.853,-22.545,-3.984,-1.419,17423.1,-4.26662,-1.67883,-17.272,0.00316228
-5.27301,-13.7189,0.380572,-9.41848,82.3404,45.6369,4.00316,50,17,-6.388,1.853,-22.545,-3.984,-1.419,17423.1,-4.26662,-1.67883,-17.272,0.00316228
-5.27301,-13.7189,0.380572,-9.41848,82.3404,45.6369,4.00316,50,17,-6.388,1.853,-22.545,-3.984,-1.419,17423.1,-4.26662,-1.67883,-17.272,0.00316228
-5.26901,-13.7178,0.380439,-9.41774,82.3436,45.639,4.00316,50,17,-6.388,1.853,-22.545,-3.984,-1.419,17423.1,-4.26635,-1.67888,-17.276,0.00316228
-5.26901,-13.7178,0.380439,-9.41774,82.3436,45.639,4.00316,50,17,-6.388,1.853,-22.545,-3.984,-1.419,17423.1,-4.26635,-1.67888,-17.276,0.00316228
-5.26901,-13.7178,0.380439,-9.41774,82.3436,45.639,4.00316,50,17,-6.388,1.853,-22.545,-3.984,-1.419,17423.1,-4.26635,-1.67888,-17.276,0.00316228
-5.26901,-13.7178,0.380439,-9.41774,82.3436,45.639,4.00316,50,17,-6.388,1.853,-22.545,-3.984,-1.419,17423.1,-4.26635,-1.67888,-17.276,0.00316228
-5.26901,-13.7178,0.380439,-9.41774,82.3436,45.639,4.00316,50,17,-6.388,1.853,-22.545,-3.984,-1.419,17423.1,-4.26635,-1.67888,-17.276,0.00316228
-5.267,-13.7211,0.38021,-9.4199,82.3442,45.6385,4.00316,50,17,-6.388,1.853,-22.545,-3.984,-1.419,17423.1,-4.26582,-1.67903,-17.278,0.00316228
-5.267,-13.7211,0.38021,-9.4199,82.3442,45.6385,4.00316,50,17,-6.388,1.853,-22.545,-3.984,-1.419,17423.1,-4.26582,-1.67903,-17.278,0.00316228
-5.267,-13.7211,0.38021,-9.4199,82.3442,45.6385,4.00316,50,17,-6.388,1.853,-22.545,-3.984,-1.419,17423.1,-4.26582,-1.67903,-17.278,0.00316228
-5.267,-13.7211,0.38021,-9.4199,82.3442,45.6385,4.00316,50,17,-6.388,1.853,-22.545,-3.984,-1.419,17423.1,-4.26582,-1.67903,-17.278,0.00316228
-5.267,-13.7211,0.38021,-9.4199,82.3442,45.6385,4.00316,50,17,-6.388,1.853,-22.545,-3.984,-1.419,17423.1,-4.26582,-1.67903,-17.278,0.00316228
-5.267,-13.7227,0.380112,-9.42309,83.0407,46.0552,4.00224,50,17,-6.388,1.853,-22.545,-3.984,-1.419,17423.1,-4.26571,-1.67899,-17.278,0.00223607
-5.267,-13.7227,0.380112,-9.42309,83.0407,46.0552,4.00224,50,17,-6.388,1.853,-22.545,-3.984,-1.419,17423.1,-4.26571,-1.67899,-17.278,0.00223607
-5.267,-13.7227,0.380112,-9.42309,83.0407,46.0552,4.00224,50,17,-6.388,1.853,-22.545,-3.984,-1.419,17423.1,-4.26571,-1.67899,-17.278,0.00223607
-5.267,-13.7227,0.380112,-9.42309,83.0407,46.0552,4.00224,50,17,-6.388,1.853,-22.545,-3.984,-1.419,17423.1,-4.26571,-1.67899,-17.278,0.00223607
-5.267,-13.7227,0.380112,-9.42309,83.0407,46.0552,4.00224,50,17,-6.388,1.853,-22.545,-3.984,-1.419,17423.1,-4.26571,-1.67899,-17.278,0.00223607
-5.267,-13.724,0.380066,-9.42183,82.3432,45.6372,4.00316,50,17,-6.388,1.853,-22.545,-3.984,-1.419,17423.1,-4.26556,-1.67906,-17.278,0.00316228
-5.267,-13.724,0.380066,-9.42183,82.3432,45.6372,4.00316,50,17,-6.388,1.853,-22.545,-3.984,-1.419,17423.1,-4.26556,-1.67906,-17.278,0.00316228
-5.267,-13.724,0.380066,-9.42183,82.3432,45.6372,4.00316,50,17,-6.388,1.853,-22.545,-3.984,-1.419,17423.1,-4.26556,-1.67906,-17.278,0.00316228
-5.267,-13.724,0.380066,-9.42183,82.3432,45.6372,4.00316,50,17,-6.388,1.853,-22.545,-3.984,-1.419,17423.1,-4.26556,-1.67906,-17.278,0.00316228
-5.267,-13.724,0.380066,-9.42183,82.3432,45.6372,4.00316,50,17,-6.388,1.853,-22.545,-3.984,-1.419,17423.1,-4.26556,-1.67906,-17.278,0.00316228
-5.267,-13.7242,0.380027,-9.42413,83.0403,46.0545,4.00224,50,17,-6.388,1.853,-22.545,-3.984,-1.419,17423.1,-4.26557,-1.67899,-17.278,0.00223607
-5.267,-13.7242,0.380027,-9.42413,83.0403,46.0545,4.00224,50,17,-6.388,1.853,-22.545,-3.984,-1.419,17423.1,-4.26557,-1.67899,-17.278,0.00223607
-5.267,-13.7242,0.380027,-9.42413,83.0403,46.0545,4.00224,50,17,-6.388,1.853,-22.545,-3.984,-1.419,17423.1,-4.26557,-1.67899,-17.278,0.00223607
-5.267,-13.7242,0.380027,-9.42413,83.0403,46.0545,4.00224,50,17,-6.388,1.853,-22.545,-3.984,-1.419,17423.1,-4.26557,-1.67899,-17.278,0.00223607
-5.267,-13.7242,0.380027,-9.42413,83.0403,46.0545,4.00224,50,17,-6.388,1.853,-22.545,-3.984,-1.419,17423.1,-4.26557,-1.67899,-17.278,0.00223607
-5.26801,-13.7276,0.379913,-9.42421,82.3413,45.6351,4.00316,50,17,-6.388,1.853,-22.545,-3.984,-1.419,17423.1,-4.26536,-1.67903,-17.277,0.00316228
-5.26801,-13.7276,0.379913,-9.42421,82.3413,45.6351,4.00316,50,17,-6.388,1.853,-22.545,-3.984,-1.419,17423.1,-4.26536,-1.67903,-17.277,0.00316228
-5.26801,-13.7276,0.379913,-9.42421,82.3413,45.6351,4.00316,50,17,-6.388,1.853,-22.545,-3.984,-1.419,17423.1,-4.26536,-1.67903,-17.277,0.00316228
-5.26801,-13.7276,0.379913,-9.42421,82.3413,45.6351,4.00316,50,17,-6.388,1.853,-22.545,-3.984,-1.419,17423.1,-4.26536,-1.67903,-17.277,0.00316228
-5.26801,-13.7276,0.379913,-9.42421,82.3413,45.6351,4.00316,50,17,-6.388,1.853,-22.545,-3.984,-1.419,17423.1,-4.26536,-1.67903,-17.277,0.00316228
-5.26901,-13.7289,0.37985,-9.42777,83.2154,46.1581,4.002,50,17,-6.388,1.853,-22.545,-3.984,-1.419,17423.1,-4.2654,-1.6789,-17.276,0.002
-5.26901,-13.7289,0.37985,-9.42777,83.2154,46.1581,4.002,50,17,-6.388,1.853,-22.545,-3.984,-1.419,17423.1,-4.2654,-1.6789,-17.276,0.002
-5.26901,-13.7289,0.37985,-9.42777,83.2154,46.1581,4.002,50,17,-6.388,1.853,-22.545,-3.984,-1.419,17423.1,-4.2654,-1.6789,-17.276,0.002
-5.26901,-13.7289,0.37985,-9.42777,83.2154,46.1581,4.002,50,17,-6.388,1.853,-22.545,-3.984,-1.419,17423.1,-4.2654,-1.6789,-17.276,0.002
-5.26901,-13.7289,0.37985,-9.42777,83.2154,46.1581,4.002,50,17,-6.388,1.853,-22.545,-3.984,-1.419,17423.1,-4.2654,-1.6789,-17.276,0.002
-5.27103,-13.7322,0.379759,-9.42996,83.213,46.1558,4.002,50,17,-6.388,1.853,-22.545,-3.984,-1.419,17423.1,-4.26533,-1.67885,-17.274,0.002
-5.27103,-13.7322,0.379759,-9.42996,83.213,46.1558,4.002,50,17,-6.388,1.853,-22.545,-3.984,-1.419,17423.1,-4.26533,-1.67885,-17.274,0.002
-5.27103,-13.7322,0.379759,-9.42996,83.213,46.1558,4.002,50,17,-6.388,1.853,-22.545,-3.984,-1.419,17423.1,-4.26533,-1.67885,-17.274,0.002
-5.27103,-13.7322,0.379759,-9.42996,83.213,46.1558,4.002,50,17,-6.388,1.853,-22.545,-3.984,-1.419,17423.1,-4.26533,-1.67885,-17.274,0.002
-5.27103,-13.7322,0.379759,-9.42996,83.213,46.1558,4.002,50,17,-6.388,1.853,-22.545,-3.984,-1.419,17423.1,-4.26533,-1.67885,-17.274,0.002
-5.27301,-13.7327,0.379806,-9.43028,83.2112,46.1546,4.002,50,17,-6.388,1.853,-22.545,-3.984,-1.419,17423.1,-4.26551,-1.67876,-17.272,0.002
-5.27301,-13.7327,0.379806,-9.43028,83.2112,46.1546,4.002,50,17,-6.388,1.853,-22.545,-3.984,-1.419,17423.1,-4.26551,-1.67876,-17.272,0.002
-5.27301,-13.7327,0.379806,-9.43028,83.2112,46.1546,4.002,50,17,-6.388,1.853,-22.545,-3.984,-1.419,17423.1,-4.26551,-1.67876,-17.272,0.002
-5.27301,-13.7327,0.379806,-9.43028,83.2112,46.1546,4.002,50,17,-6.388,1.853,-22.545,-3.984,-1.419,17423.1,-4.26551,-1.67876,-17.272,0.002
-5.27301,-13.7327,0.379806,-9.43028,83.2112,46.1546,4.002,50,17,-6.388,1.853,-22.545,-3.984,-1.419,17423.1,-4.26551,-1.67876,-17.272,0.002
