timestamp,pursuit_control_rate,stanley_control_rate,sta_lat_rate,heading_error_deg,angular_error_deg,lat_error,pursuit_control_deg,stanley_control_deg,steer_angle_deg, feedback_steer_deg,preview_dist,preview_idx,closest_idx,target_east,target_north,target_yaw_deg,closest_east,closest_north,closest_yaw_deg,closest_curvature,cur_east,cur_north,cur_yaw_deg,curvature_feedforward,zero_point_draft,target_spd,cur_spd,error,acceleration,cmd_spd,integral
18:00:08.575,0.6,0.4,0.4,-1.51204,5.90367,-0.215554,-15.2504,-8.5744,-3.3,-0.35,1.5015,50,34,-4.36678,16.6118,15.96,-4.79497,15.0704,15.0504,-0.0113667,-4.9937,15.1613,17.472,0.2,-3,3,0.001,2.999,0,0.5,0
18:00:08.675,0.6,0.4,0.4,-1.51303,5.9203,-0.216058,-15.2732,-8.59606,-4.8,-0.35,1.50335,50,34,-4.36678,16.6118,15.96,-4.79497,15.0704,15.0504,-0.0113667,-4.99422,15.1614,17.473,0.2,-3,3,0.00223607,2.99776,0,0.5,0
18:00:08.775,0.6,0.4,0.4,-1.51303,5.91858,-0.216,-15.269,-8.59345,-6.3,-0.35,1.50335,50,34,-4.36678,16.6118,15.96,-4.79497,15.0704,15.0504,-0.0113667,-4.99414,15.1614,17.473,0.2,-3,3,0.00223607,2.99776,0,0.5,0
18:00:08.875,0.6,0.4,0.4,-1.51504,5.93894,-0.216628,-15.3369,-8.61979,-7.8,-0.35,1.5015,50,34,-4.36678,16.6118,15.96,-4.79497,15.0704,15.0504,-0.0113667,-4.99475,15.1616,17.475,0.2,-3,3,0.001,2.999,0,0.5,0
18:00:08.975,0.6,0.4,0.4,-1.50904,5.94415,-0.216606,-15.3497,-8.62365,-9.3,-0.79,1.5015,50,34,-4.36678,16.6118,15.96,-4.79497,15.0704,15.0504,-0.0113667,-4.99474,15.1616,17.469,0.2,-3,3,0.001,2.999,0,0.5,0
18:00:09.075,0.6,0.4,0.4,-1.49903,5.97238,-0.217142,-15.4336,-8.65551,-10.8,-1.33,1.5,50,34,-4.36678,16.6118,15.96,-4.79497,15.0704,15.0504,-0.0113667,-4.9953,15.1615,17.459,0.2,-3,3,0,3,0,0.5,0
18:00:09.175,0.6,0.4,0.4,-1.49203,5.97591,-0.217052,-15.4275,-8.65709,-12.3,-2.57,1.5015,50,34,-4.36678,16.6118,15.96,-4.79497,15.0704,15.0504,-0.0113667,-4.99523,15.1615,17.452,0.2,-3,3,0.001,2.999,0,0.5,0
18:00:09.275,0.6,0.4,0.4,-1.48704,5.99368,-0.217397,-15.4711,-8.67642,-13.8,-3.64,1.5015,50,34,-4.36678,16.6118,15.96,-4.79497,15.0704,15.0504,-0.0113667,-4.99554,15.1616,17.447,0.2,-3,3,0.001,2.999,0,0.5,0
18:00:09.375,0.6,0.4,0.4,-1.47803,5.99419,-0.21715,-15.4723,-8.67265,-14.2673,-4.55,1.5015,50,34,-4.36678,16.6118,15.96,-4.79497,15.0704,15.0504,-0.0113667,-4.99528,15.1616,17.438,0.2,-3,3,0.001,2.999,0,0.5,0
18:00:09.475,0.6,0.4,0.4,-1.46904,6.00649,-0.217248,-15.5024,-8.68419,-14.286,-5.74,1.5015,50,34,-4.36678,16.6118,15.96,-4.79497,15.0704,15.0504,-0.0113667,-4.99539,15.1616,17.429,0.2,-3,3,0.001,2.999,0,0.5,0
18:00:09.575,0.6,0.4,0.4,-1.46304,5.99688,-0.216828,-15.4936,-8.67031,-14.275,-6.93,1.5,50,34,-4.36678,16.6118,15.96,-4.79497,15.0704,15.0504,-0.0113667,-4.99501,15.1614,17.423,0.2,-3,3,0,3,0,0.5,0
18:00:09.675,0.6,0.4,0.4,-1.45704,5.90656,-0.214212,-15.243,-8.55868,-14.1117,-7.85,1.503,50,34,-4.36678,16.6118,15.96,-4.79497,15.0704,15.0504,-0.0113667,-4.99261,15.1603,17.417,0.2,-3,3,0.002,2.998,0,0.5,0
18:00:09.775,0.6,0.4,0.4,-1.45904,5.69746,-0.208541,-14.6992,-8.30436,-13.7511,-9.24,1.50618,50,34,-4.36678,16.6118,15.96,-4.79497,15.0704,15.0504,-0.0113667,-4.98731,15.1581,17.419,0.2,-3,3,0.00412311,2.99588,0,0.5,0
18:00:09.875,0.6,0.4,0.4,-1.47704,5.49354,-0.203115,-14.2388,-8.04779,-13.4243,-10.74,1.5015,50,34,-4.36678,16.6118,15.96,-4.79497,15.0704,15.0504,-0.0113667,-4.9816,15.1584,17.437,0.2,-3,3,0.001,2.999,0,0.5,0
18:00:09.975,0.6,0.4,0.4,-1.52403,5.04349,-0.191879,-13.0921,-7.50776,-12.6619,-11.79,1.5045,50,34,-4.36678,16.6118,15.96,-4.79497,15.0704,15.0504,-0.0113667,-4.97068,15.1558,17.484,0.2,-3,3,0.003,2.997,0,0.5,0
18:00:10.075,0.6,0.4,0.4,-1.56822,4.33226,-0.183396,-11.0611,-7.09215,-11.8449,-12.83,1.53795,51,35,-4.33923,16.7079,16.0138,-4.76895,15.1669,15.115,-0.0111784,-4.95856,15.1684,17.582,0.2,-3,3,0.0252982,2.9747,0,0.5,0
18:00:10.175,0.6,0.4,0.4,-1.75622,3.62085,-0.167242,-9.27901,-6.2156,-10.3842,-13.22,1.53845,51,35,-4.33923,16.7079,16.0138,-4.76895,15.1669,15.115,-0.0111784,-4.94081,15.1721,17.77,0.2,-3,3,0.025632,2.97437,0,0.5,0
18:00:10.275,0.6,0.4,0.4,-1.92539,2.88934,-0.157418,-7.09241,-5.63741,-9.25548,-13.31,1.61242,52,35,-4.31161,16.804,16.0596,-4.76895,15.1669,15.115,-0.0111784,-4.92258,15.2019,17.985,0.2,-3,3,0.0749466,2.92505,0,0.5,0
18:00:10.375,0.6,0.4,0.4,-2.14339,2.09597,-0.138346,-5.13889,-4.60092,-7.82354,-13.31,1.61859,52,35,-4.31161,16.804,16.0596,-4.76895,15.1669,15.115,-0.0111784,-4.899,15.216,18.203,0.2,-3,3,0.0790569,2.92094,0,0.5,0
18:00:10.475,0.6,0.4,0.4,-2.31738,1.27072,-0.130087,-2.93174,-4.08744,-6.78519,-13.31,1.72342,54,36,-4.25614,16.9961,16.1476,-4.74283,15.2635,15.1785,-0.0109867,-4.87729,15.2647,18.465,0.2,-3,3,0.148946,2.85105,0,0.5,0
18:00:10.575,0.6,0.4,0.4,-2.61338,0.464854,-0.111334,-1.06925,-2.99902,-5.28519,-12.93,1.73007,54,36,-4.25614,16.9961,16.1476,-4.74283,15.2635,15.1785,-0.0109867,-4.85043,15.292,18.761,0.2,-3,3,0.153379,2.84662,0,0.5,0
18:00:10.675,0.6,0.4,0.4,-2.80554,-0.17186,-0.104652,0.367535,-2.54128,-4.4133,-11.59,1.86103,56,37,-4.20038,17.1882,16.2305,-4.7166,15.3599,15.2409,-0.0107983,-4.82518,15.3595,19.036,0.2,-3,3,0.240684,2.75932,0,0.5,0
18:00:10.775,0.6,0.4,0.4,-3.03854,-0.838589,-0.0873469,1.78051,-1.56635,-3.31289,-10.56,1.87384,56,37,-4.20038,17.1882,16.2305,-4.7166,15.3599,15.2409,-0.0107983,-4.79582,15.4014,19.269,0.2,-3,3,0.249227,2.75077,0,0.5,0
18:00:10.875,0.6,0.4,0.4,-3.14126,-1.39071,-0.0813535,2.73838,-1.21071,-2.72133,-9.71,2.01954,59,38,-4.11625,17.4761,16.3427,-4.69026,15.4564,15.3022,-0.0106087,-4.76669,15.4853,19.484,0.2,-3,3,0.34636,2.65364,0,0.5,0
18:00:10.975,0.6,0.4,0.4,-3.30377,-2.01744,-0.0653327,3.9245,-0.348894,-1.77067,-8.5,2.04235,60,39,-4.08808,17.5721,16.3772,-4.66382,15.5528,15.3624,-0.0104182,-4.73474,15.5414,19.681,0.2,-3,3,0.361565,2.63844,0,0.5,0
18:00:11.075,0.6,0.4,0.4,-3.39448,-2.2332,-0.0635396,4.09856,-0.194353,-1.61289,-7.47,2.16435,62,40,-4.03158,17.7639,16.4425,-4.63729,15.6492,15.4216,-0.0102288,-4.7076,15.6333,19.837,0.2,-3,3,0.4429,2.5571,0,0.5,0
18:00:11.175,0.6,0.4,0.4,-3.49948,-2.56659,-0.052245,4.6931,0.40624,-1.05088,-6.65,2.17101,62,40,-4.03158,17.7639,16.4425,-4.63729,15.6492,15.4216,-0.0102288,-4.67785,15.6986,19.942,0.2,-3,3,0.447343,2.55266,0,0.5,0
18:00:11.275,0.6,0.4,0.4,-3.51019,-2.5626,-0.0550561,4.47163,0.362474,-1.16235,-5.37,2.27547,64,41,-3.97487,17.9557,16.5038,-4.61065,15.7456,15.4796,-0.0100402,-4.65372,15.7962,20.014,0.2,-3,3,0.516978,2.48302,0,1,0
18:00:11.375,0.6,0.4,0.4,-3.50254,-2.69975,-0.0496964,4.6806,0.62961,-0.931308,-4.19,2.28969,65,42,-3.94644,18.0515,16.5335,-4.58392,15.8419,15.5366,-0.00984865,-4.62976,15.8625,20.036,0.2,-3,3,0.52646,2.47354,0,1,0
18:00:11.475,0.6,0.4,0.4,-3.41615,-2.5658,-0.0533455,4.25951,0.643366,-1.09672,-3.29,2.39222,67,43,-3.88943,18.2432,16.5908,-4.55709,15.9382,15.5925,-0.00966028,-4.60344,15.9706,20.007,0.2,-3,3,0.594811,2.40519,0,1,0
18:00:11.575,0.6,0.4,0.4,-3.30143,-2.59675,-0.0495627,4.29119,0.718748,-1.03989,-2.31,2.40311,69,44,-3.83224,18.4349,16.6446,-4.53016,16.0345,15.6473,-0.00947042,-4.57739,16.0497,19.946,0.2,-3,3,0.602071,2.39793,0,1,0
18:00:11.675,0.6,0.4,0.4,-3.17587,-2.42069,-0.0511161,3.90166,0.670695,-1.22415,-1.77,2.46474,70,45,-3.80357,18.5307,16.6691,-4.50315,16.1308,15.701,-0.0092804,-4.5518,16.1466,19.845,0.2,-3,3,0.643162,2.35684,0,1,0
18:00:11.775,0.6,0.4,0.4,-3.0129,-2.46642,-0.0417789,3.96154,0.886371,-1.08251,-1.42,2.4732,71,46,-3.77487,18.6265,16.6921,-4.47605,16.227,15.7536,-0.00909028,-4.52027,16.2242,19.705,0.2,-3,3,0.6488,2.3512,0,1,0
18:00:11.875,0.6,0.4,0.4,-2.82421,-2.33364,-0.0403316,3.62628,0.885525,-1.21946,-1.24,2.55714,73,47,-3.71736,18.818,16.7348,-4.44886,16.3233,15.8051,-0.00890153,-4.4904,16.3246,19.559,0.2,-3,3,0.704762,2.29524,0,1,0
18:00:11.975,0.6,0.4,0.4,-2.66638,-2.41934,-0.0287474,3.73009,1.15275,-1.03257,-1.24,2.57702,74,48,-3.68855,18.9137,16.7546,-4.42158,16.4195,15.8556,-0.00871142,-4.45499,16.4071,19.421,0.2,-3,3,0.718011,2.28199,0,1,0
18:00:12.075,0.6,0.4,0.4,-2.48594,-2.35192,-0.0236637,3.50058,1.21822,-1.0906,-1.14,2.66995,76,49,-3.63083,19.1052,16.7911,-4.39422,16.5156,15.905,-0.00852215,-4.41852,16.5167,19.277,0.2,-3,3,0.779965,2.22003,0,1,0
18:00:12.175,0.6,0.4,0.4,-2.31048,-2.45098,-0.00998431,3.63219,1.48601,-0.945257,-1.14,2.68126,77,50,-3.60193,19.2009,16.8075,-4.36678,16.6118,15.96,-0.0106798,-4.3787,16.6064,19.118,0.2,-3,3,0.787509,2.21249,0,1,0
18:00:12.275,0.6,0.4,0.4,-2.11428,-2.31294,-0.00656294,3.3182,1.43453,-1.04528,-1.05,2.77039,79,51,-3.54405,19.3924,16.8357,-4.33923,16.7079,16.0138,-0.00810801,-4.34199,16.7221,18.95,0.2,-3,3,0.846926,2.15307,0,1,0
18:00:12.375,0.6,0.4,0.4,-1.93161,-2.36182,0.00555298,3.37033,1.61935,-0.92229,-1.05,2.78506,80,52,-3.51508,19.4881,16.8474,-4.31161,16.804,16.0596,-0.00788928,-4.30151,16.819,18.779,0.2,-3,3,0.856704,2.1433,0,1,0
18:00:12.475,0.6,0.4,0.4,-1.74035,-2.15871,0.00629595,2.99421,1.47343,-1.15123,-0.97,2.86614,81,52,-3.45709,19.6795,16.8656,-4.28391,16.9001,16.1042,-0.00767412,-4.26563,16.9406,18.606,0.2,-3,3,0.910758,2.08924,0,1,0
18:00:12.575,0.6,0.4,0.4,-1.54772,-2.11915,0.0156109,2.91541,1.55293,-1.13321,-0.97,2.88983,81,52,-3.39904,19.8709,16.8783,-4.22829,17.0922,16.1898,-0.00724506,-4.22598,17.0442,18.426,0.2,-3,3,0.926553,2.07345,0,1,0
18:00:12.675,0.6,0.4,0.4,-1.34648,-1.85334,0.0140259,2.47965,1.33456,-1.4229,-0.88,2.97236,82,52,-3.34096,20.0622,16.8865,-4.20038,17.1882,16.2305,-0.00694322,-4.19039,17.1723,18.233,0.2,-3,3,0.981571,2.01843,0,1,0
18:00:12.775,0.6,0.4,0.4,-1.16373,-1.77381,0.0204263,2.37075,1.34596,-1.45622,-0.88,2.97568,82,52,-3.31191,20.1579,16.8893,-4.1724,17.2842,16.2694,-0.00665854,-4.15164,17.2824,18.053,0.2,-3,3,0.983787,2.01621,0,1,0
18:00:12.875,0.6,0.4,0.4,-0.96521,-1.48192,0.017342,1.93303,1.10123,-1.76145,-0.79,3.0497,83,52,-3.25381,20.3493,16.8928,-4.14435,17.3802,16.3068,-0.00640136,-4.1163,17.4142,17.858,0.2,-3,3,1.03313,1.96687,0,1.5,0
18:00:12.975,0.6,0.4,0.4,-0.747488,-1.29827,0.0211203,1.68084,1.01522,-1.90076,-0.79,3.07299,83,52,-3.19569,20.5406,16.8925,-4.08808,17.5721,16.3772,-0.00590415,-4.07848,17.5299,17.64,0.2,-3,3,1.04866,1.95134,0,1.5,0
18:00:13.075,0.6,0.4,0.4,-0.561245,-0.998654,0.0168977,1.26404,0.766244,-2.20053,-0.7,3.14373,84,52,-3.13759,20.732,16.8868,-4.05986,17.668,16.4105,-0.00569535,-4.04451,17.6603,17.448,0.2,-3,3,1.09582,1.90418,0,1.5,0
18:00:13.175,0.6,0.4,0.4,-0.39448,-0.849138,0.0188864,1.06582,0.678105,-2.32508,-0.79,3.17038,84,52,-3.10855,20.8277,16.8825,-4.03158,17.7639,16.4425,-0.00549654,-4.00729,17.7795,17.277,0.2,-3,3,1.11358,1.88642,0,1.5,0
18:00:13.275,0.6,0.4,0.4,-0.204401,-0.589476,0.0179601,0.730965,0.510579,-2.5467,-0.79,3.20938,85,52,-3.02146,21.1147,16.8676,-3.97487,17.9557,16.5038,-0.00522786,-3.97002,17.9089,17.072,0.2,-3,3,1.13959,1.86041,0,1.5,0
18:00:13.375,0.6,0.4,0.4,0.00887108,-0.487567,0.0252816,0.605214,0.502896,-2.60114,-0.79,3.20618,85,52,-2.99245,21.2104,16.8629,-3.94644,18.0515,16.5335,-0.00512388,-3.92747,18.0266,16.854,0.2,-3,3,1.13745,1.86255,0,1.5,0
18:00:13.475,0.6,0.4,0.4,0.228397,-0.233002,0.0239445,0.28554,0.304697,-2.83586,-0.79,3.24766,85,52,-2.96345,21.3061,16.8584,-3.91796,18.1474,16.5625,-0.00500919,-3.88924,18.16,16.63,0.2,-3,3,1.1651,1.8349,0,1.5,0
18:00:13.575,0.6,0.4,0.4,0.417465,-0.12951,0.0296427,0.158036,0.274924,-2.90216,-0.79,3.26159,85,52,-2.93446,21.4018,16.8525,-3.88943,18.2432,16.5908,-0.00488953,-3.85429,18.2574,16.435,0.2,-3,3,1.17439,1.82561,0,1.5,0
18:00:13.675,0.6,0.4,0.4,0.66894,0.176347,0.0307713,-0.208465,0.085336,-3.14438,-1.05,3.36678,87,53,-2.84761,21.6889,16.8089,-3.83224,18.4349,16.6446,-0.00443811,-3.80268,18.4263,16.14,0.2,-3,3,1.24452,1.75548,0,1.5,0
18:00:13.775,0.6,0.4,0.4,0.853121,0.247778,0.0379599,-0.291037,0.0785148,-3.17566,-1.5,3.38838,86,52,-2.8187,21.7847,16.8011,-3.80357,18.5307,16.6691,-0.00413328,-3.75961,18.5451,15.948,0.2,-3,3,1.25892,1.74108,0,1.5,0
18:00:13.875,0.6,0.4,0.4,1.00138,0.437323,0.0379649,-0.50347,-0.0471073,-3.32089,-1.86,3.45698,87,52,-2.73203,22.0719,16.7864,-3.74613,18.7222,16.7139,-0.0037247,-3.71006,18.7103,15.785,0.2,-3,3,1.30465,1.69535,0,1.5,0
18:00:13.975,0.6,0.4,0.4,1.12425,0.430817,0.0456443,-0.4948,-0.00253195,-3.29046,-2.39,3.46522,87,52,-2.70316,22.1676,16.7832,-3.71736,18.818,16.7348,-0.00356634,-3.66076,18.8477,15.659,0.2,-3,3,1.31015,1.68985,0,1.5,0
18:00:14.075,0.6,0.4,0.4,1.24125,0.669764,0.0399949,-0.751547,-0.205231,-3.49487,-2.66,3.54661,88,52,-2.61655,22.4548,16.7782,-3.6597,19.0095,16.7733,-0.00317932,-3.61833,19.0082,15.537,0.2,-3,3,1.36441,1.63559,0,1.5,0
18:00:14.175,0.6,0.4,0.4,1.32658,0.711181,0.0433913,-0.791299,-0.216163,-3.50715,-2.75,3.57671,89,53,-2.55883,22.6463,16.7756,-3.60193,19.2009,16.8075,-0.00273627,-3.57079,19.154,15.449,0.2,-3,3,1.38447,1.61553,0,1.5,0
18:00:14.275,0.6,0.4,0.4,1.40357,0.937252,0.0342689,-1.02384,-0.432208,-3.71086,-3.02,3.64287,89,52,-2.50111,22.8377,16.7716,-3.573,19.2967,16.8224,-0.00246029,-3.52941,19.3224,15.368,0.2,-3,3,1.42858,1.57142,0,1.5,0
18:00:14.375,0.6,0.4,0.4,1.47682,1.00533,0.0348085,-1.1016,-0.473034,-3.75167,-3.29,3.63154,89,52,-2.44341,23.0292,16.7708,-3.51508,19.4881,16.8474,-0.00188658,-3.4831,19.4736,15.294,0.2,-3,3,1.42103,1.57897,0,1.5,0
18:00:14.475,0.6,0.4,0.4,1.56164,1.28715,0.0215809,-1.38095,-0.749235,-3.99953,-3.47,3.70862,91,53,-2.35683,23.3164,16.7836,-3.45709,19.6795,16.8656,-0.0013123,-3.44501,19.6449,15.222,0.2,-3,3,1.47242,1.52758,0,1.5,0
18:00:14.575,0.6,0.4,0.4,1.62358,1.40734,0.0167427,-1.48767,-0.867479,-4.10083,-3.56,3.76387,90,52,-2.32795,23.4122,16.7906,-3.42807,19.7752,16.8725,-0.00109274,-3.40186,19.8039,15.167,0.2,-3,3,1.50925,1.49075,0,2,0
18:00:14.675,0.6,0.4,0.4,1.66552,1.594,0.00534263,-1.6521,-1.0632,-4.26299,-3.83,3.83846,91,52,-2.24123,23.6993,16.8175,-3.37001,19.9665,16.8829,-0.000712059,-3.36048,19.9795,15.152,0.2,-3,3,1.55898,1.44102,0,2,0
18:00:14.775,0.6,0.4,0.4,1.67226,1.64655,0.000330824,-1.70974,-1.14236,-4.3217,-3.83,3.83123,92,53,-2.18333,23.8908,16.8433,-3.31191,20.1579,16.8893,-0.000420363,-3.31623,20.1425,15.171,0.2,-3,3,1.55416,1.44584,0,2,0
18:00:14.875,0.6,0.4,0.4,1.71839,1.85247,-0.0130186,-1.91973,-1.36937,-4.52239,-4.1,3.83846,92,53,-2.12533,24.0822,16.8764,-3.25381,20.3493,16.8928,-0.000177046,-3.27839,20.3131,15.158,0.2,-3,3,1.55898,1.44102,0,2,0
18:00:14.975,0.6,0.4,0.4,1.75571,1.95452,-0.0185157,-2.02382,-1.47506,-4.6168,-4.37,3.84136,91,52,-2.09628,24.1778,16.8947,-3.22475,20.4449,16.8933,1.02361e-05,-3.23551,20.4732,15.139,0.2,-3,3,1.5609,1.4391,0,2,0
18:00:15.075,0.6,0.4,0.4,1.78549,2.12101,-0.0305417,-2.16868,-1.65672,-4.7603,-4.46,3.88977,91,52,-2.0381,24.3692,16.9345,-3.16664,20.6363,16.8903,0.000527822,-3.19607,20.6445,15.149,0.2,-3,3,1.59318,1.40682,0,2,0
18:00:15.175,0.6,0.4,0.4,1.80717,2.11017,-0.0334004,-2.14457,-1.70482,-4.76947,-4.64,3.91346,93,53,-1.95056,24.6561,17.0012,-3.10855,20.8277,16.8825,0.000778627,-3.14956,20.8075,15.194,0.2,-3,3,1.60897,1.39103,0,2,0
18:00:15.275,0.6,0.4,0.4,1.78783,2.09033,-0.0362384,-2.09307,-1.71227,-4.74831,-4.83,3.97215,93,53,-1.89201,24.8473,17.0478,-3.05048,21.019,16.8727,0.000927971,-3.09755,20.9887,15.26,0.2,-3,3,1.6481,1.3519,0,2,0
18:00:15.375,0.6,0.4,0.4,1.719,1.93831,-0.0311718,-1.93443,-1.59126,-4.6207,-4.91,3.98572,92,52,-1.86267,24.9429,17.072,-3.02146,21.1147,16.8676,0.000842524,-3.04124,21.1569,15.353,0.2,-3,3,1.65715,1.34285,0,2,0
18:00:15.475,0.6,0.4,0.4,1.7141,1.95617,-0.0377948,-1.91737,-1.65577,-4.6491,-4.91,4.05823,93,52,-1.77442,25.2296,17.1501,-2.96345,21.3061,16.8584,0.000754205,-2.99015,21.3483,15.436,0.2,-3,3,1.70549,1.29451,0,2,0
18:00:15.575,0.6,0.4,0.4,1.71226,1.87825,-0.0356576,-1.84783,-1.63044,-4.53407,-5,4.04338,93,52,-1.71535,25.4207,17.2103,-2.90547,21.4975,16.8374,0.00394012,-2.9347,21.5241,15.498,0.2,-3,3,1.69559,1.30441,0,2,0
18:00:15.675,0.6,0.4,0.4,1.74106,1.96461,-0.0453434,-1.89867,-1.75458,-4.67414,-5,4.1159,94,52,-1.62636,25.7071,17.3041,-2.84761,21.6889,16.8089,0.00156474,-2.8852,21.7213,15.563,0.2,-3,3,1.74393,1.25607,0,2,0
18:00:15.775,0.6,0.4,0.4,1.72917,1.92679,-0.0462986,-1.83953,-1.74134,-4.6563,-5,4.16658,94,52,-1.56677,25.898,17.3672,-2.7898,21.8804,16.7951,0.000955971,-2.8307,21.9051,15.638,0.2,-3,3,1.77772,1.22228,0,2,0
18:00:15.875,0.6,0.4,0.4,1.74558,1.95335,-0.0525529,-1.81473,-1.79029,-4.67938,-5,4.28176,95,52,-1.47698,26.1843,17.4706,-2.73203,22.0719,16.7864,0.000603438,-2.77312,22.1176,15.725,0.2,-3,3,1.85451,1.14549,0,2,0
18:00:15.975,0.6,0.4,0.4,1.71146,1.85362,-0.050879,-1.72457,-1.74939,-4.62728,-4.91,4.27579,95,52,-1.41681,26.375,17.5485,-2.67428,22.2633,16.781,0.000294771,-2.71282,22.3118,15.837,0.2,-3,3,1.85053,1.14947,0,2,0
18:00:16.075,0.6,0.4,0.4,1.78826,1.91646,-0.0598825,-1.76134,-1.89055,-4.71804,-4.91,4.32834,97,53,-1.29566,26.7562,17.7183,-2.58769,22.5505,16.777,0.000211145,-2.65798,22.5248,15.93,0.2,-3,3,1.88556,1.11444,0,2,0
18:00:16.175,0.6,0.4,0.4,1.8084,1.90902,-0.061191,-1.7515,-1.91663,-4.7238,-4.91,4.33578,97,53,-1.23465,26.9466,17.8084,-2.52997,22.742,16.7737,0.000372085,-2.60001,22.7217,16,0.2,-3,3,1.89052,1.10948,0,2,0
18:00:16.275,0.6,0.4,0.4,1.87152,2.06621,-0.0758471,-1.86039,-2.09837,-4.86997,-4.91,4.4178,98,53,-1.14255,27.2321,17.9545,-2.47226,22.9335,16.7702,0.000111422,-2.54957,22.9398,16.083,0.2,-3,3,1.9452,1.0548,0,2,0
18:00:16.375,0.6,0.4,0.4,1.88651,2.12299,-0.0828109,-1.89931,-2.17684,-4.94347,-4.91,4.44607,98,53,-1.08074,27.4223,18.0595,-2.41455,23.125,16.7734,-0.000605327,-2.4953,23.144,16.173,0.2,-3,3,1.96405,1.03595,0,2,0
18:00:16.475,0.6,0.4,0.4,1.95592,2.19873,-0.0910906,-1.93163,-2.27791,-5.02199,-4.91,4.52751,99,53,-0.987336,27.7073,18.2229,-2.35683,23.3164,16.7836,-0.00114878,-2.43682,23.3667,16.267,0.2,-3,3,2.01834,0.981659,0,2.5,0
18:00:16.575,0.6,0.4,0.4,1.97145,2.21536,-0.0947253,-1.95118,-2.33477,-5.0669,-4.91,4.51601,98,52,-0.92462,27.8972,18.3304,-2.29905,23.5079,16.7984,-0.00146136,-2.3838,23.5549,16.359,0.2,-3,3,2.01067,0.989327,0,2.5,0
18:00:16.675,0.6,0.4,0.4,2.05665,2.34997,-0.105222,-2.07095,-2.51026,-5.2256,-4.91,4.51299,99,53,-0.829882,28.1819,18.4916,-2.21229,23.7951,16.8295,-0.00221287,-2.32413,23.7888,16.435,0.2,-3,3,2.00866,0.991343,0,2.5,0
18:00:16.775,0.6,0.4,0.4,2.10994,2.457,-0.112279,-2.15362,-2.61084,-5.32916,-4.91,4.53712,99,53,-0.766269,28.3714,18.6039,-2.15434,23.9865,16.8591,-0.00293825,-2.26955,23.9934,16.494,0.2,-3,3,2.02475,0.975251,0,2.5,0
18:00:16.875,0.6,0.4,0.4,2.21475,2.56527,-0.119842,-2.20896,-2.7148,-5.41495,-4.91,4.61816,100,53,-0.670145,28.6556,18.7757,-2.09628,24.1778,16.8947,-0.00331053,-2.21109,24.2122,16.561,0.2,-3,3,2.07877,0.921226,0,2.5,0
18:00:16.975,0.6,0.4,0.4,2.22204,2.55282,-0.120235,-2.19224,-2.71633,-5.41682,-4.91,4.63082,100,53,-0.605586,28.8449,18.891,-2.0381,24.3692,16.9345,-0.00366531,-2.14776,24.4218,16.669,0.2,-3,3,2.08721,0.912787,0,2.5,0
18:00:17.075,0.6,0.4,0.4,2.22273,2.54952,-0.121317,-2.17813,-2.71466,-5.4163,-4.91,4.65485,99,52,-0.540647,29.034,19.0067,-1.97978,24.5605,16.9783,-0.00394085,-2.08251,24.6394,16.784,0.2,-3,3,2.10323,0.89677,0,2.5,0
18:00:17.175,0.6,0.4,0.4,2.32241,2.5061,-0.116712,-2.14485,-2.73163,-5.41585,-4.91,4.64668,100,53,-0.442513,29.3175,19.1864,-1.89201,24.8473,17.0478,-0.00414684,-2.01408,24.8473,16.864,0.2,-3,3,2.09779,0.902212,0,2.5,0
18:00:17.275,0.6,0.4,0.4,2.44372,2.59828,-0.121204,-2.1972,-2.82383,-5.49202,-4.91,4.7026,101,53,-0.343465,29.6006,19.3757,-1.8333,25.0385,17.097,-0.00442068,-1.94955,25.0728,16.932,0.2,-3,3,2.13506,0.864936,0,2.5,0
18:00:17.375,0.6,0.4,0.4,2.5015,2.61637,-0.120365,-2.2001,-2.83547,-5.51073,-4.91,4.72907,101,53,-0.276909,29.7892,19.5035,-1.77442,25.2296,17.1501,-0.0049222,-1.88891,25.2668,17.002,0.2,-3,3,2.15271,0.847286,0,2.5,0
18:00:17.475,0.6,0.4,0.4,2.64284,2.66248,-0.122216,-2.19637,-2.88976,-5.54985,-4.91,4.82052,102,53,-0.142551,30.1659,19.7548,-1.68574,25.5162,17.2416,-0.00546865,-1.81045,25.5267,17.112,0.2,-3,3,2.21368,0.786322,0,2.5,0
18:00:17.575,0.6,0.4,0.4,2.59619,2.62904,-0.118439,-2.17918,-2.83479,-5.51326,-5,4.79762,101,53,-0.108703,30.26,19.8192,-1.62636,25.7071,17.3041,-0.00543421,-1.73716,25.7497,17.223,0.2,-3,3,2.19841,0.801589,0,2.5,0
18:00:17.675,0.6,0.4,0.4,2.76826,2.68791,-0.120201,-2.19775,-2.92154,-5.57497,-5,4.86349,102,53,0.0277766,30.636,20.0883,-1.5369,25.9935,17.3999,-0.00582016,-1.66406,25.9897,17.32,0.2,-3,3,2.24232,0.757675,0,2.5,0
18:00:17.775,0.6,0.4,0.4,2.864,2.67907,-0.116816,-2.16714,-2.91631,-5.57513,-5.1,4.91604,103,53,0.131301,30.9175,20.289,-1.47698,26.1843,17.4706,-0.00651022,-1.58868,26.2185,17.425,0.2,-3,3,2.27736,0.722637,0,2.5,0
18:00:17.875,0.6,0.4,0.4,2.98134,2.70178,-0.117941,-2.14317,-2.94527,-5.59779,-5.28,5.01319,104,53,0.270851,31.2923,20.5543,-1.38663,26.4703,17.5895,-0.00728523,-1.50989,26.4718,17.573,0.2,-3,3,2.34213,0.657874,0,2.5,0
18:00:17.975,0.6,0.4,0.4,2.93309,2.61825,-0.114015,-2.07666,-2.87744,-5.54035,-5.46,5.01402,104,53,0.34128,31.4795,20.6891,-1.32606,26.6609,17.6747,-0.00753794,-1.4303,26.7093,17.756,0.2,-3,3,2.34268,0.657318,0,2.5,0
18:00:18.075,0.6,0.4,0.4,2.93826,2.64741,-0.119776,-2.07993,-2.91101,-5.5718,-5.55,5.06187,104,53,0.447752,31.7599,20.8903,-1.23465,26.9466,17.8084,-0.00809142,-1.35503,26.9635,17.952,0.2,-3,3,2.37458,0.625423,0,2.5,0
18:00:18.175,0.6,0.4,0.4,2.85373,2.59785,-0.12079,-2.04125,-2.87057,-5.5473,-5.82,5.06136,104,53,0.519268,31.9466,21.0167,-1.17333,27.137,17.9042,-0.00865207,-1.27865,27.2038,18.163,0.2,-3,3,2.37424,0.625761,0,2.5,0
18:00:18.275,0.6,0.4,0.4,2.87698,2.68343,-0.133019,-2.08883,-2.97574,-5.63922,-5.92,5.10881,105,53,0.663502,32.3197,21.259,-1.08074,27.4223,18.0595,-0.00940876,-1.20845,27.4597,18.382,0.2,-3,3,2.40587,0.594127,0,2.5,0
18:00:18.375,0.6,0.4,0.4,2.77648,2.71448,-0.141658,-2.11568,-3.00208,-5.66714,-6.01,5.10223,105,53,0.736206,32.506,21.3775,-1.01856,27.6123,18.1684,-0.00953803,-1.13777,27.7033,18.601,0.2,-3,3,2.40149,0.59851,0,2.5,0
18:00:18.475,0.6,0.4,0.4,2.71838,2.75153,-0.15067,-2.1306,-3.0338,-5.68386,-6.01,5.13556,105,53,0.84597,32.7852,21.5454,-0.92462,27.8972,18.3304,-0.00927315,-1.06349,27.9571,18.827,0.2,-3,3,2.42371,0.576292,0,2.5,0
18:00:18.575,0.6,0.4,0.4,2.61098,2.76041,-0.157611,-2.12758,-3.02158,-5.6796,-6.01,5.15946,104,52,0.919586,32.9711,21.648,-0.86155,28.087,18.437,-0.00942042,-0.997617,28.1771,19.037,0.2,-3,3,2.43964,0.560362,0,2.5,0
18:00:18.675,0.6,0.4,0.4,2.54965,2.75134,-0.163638,-2.08883,-2.99525,-5.66053,-6.01,5.23799,106,53,1.06778,33.3427,21.8386,-0.766269,28.3714,18.6039,-0.00989826,-0.909835,28.4578,19.289,0.2,-3,3,2.49199,0.508008,0,3,0
18:00:18.775,0.6,0.4,0.4,2.45409,2.72144,-0.168354,-2.0696,-2.98786,-5.65256,-6.01,5.2293,106,53,1.17973,33.621,21.9801,-0.670145,28.6556,18.7757,-0.0100718,-0.830949,28.7057,19.526,0.2,-3,3,2.4862,0.513798,0,3,0
18:00:18.875,0.6,0.4,0.4,2.3587,2.698,-0.173614,-2.06156,-2.99538,-5.65331,-6.01,5.20454,107,54,1.29238,33.8992,22.1177,-0.573165,28.9395,18.9488,-0.010081,-0.752421,28.9521,19.759,0.2,-3,3,2.46969,0.530308,0,3,0
18:00:18.975,0.6,0.4,0.4,2.24468,2.72024,-0.180342,-2.07969,-2.99262,-5.66514,-6.01,5.20162,106,53,1.36785,34.0844,22.2077,-0.508034,29.1286,19.0654,-0.010329,-0.676381,29.1935,19.963,0.2,-3,3,2.46774,0.532256,0,3,0
18:00:19.075,0.6,0.4,0.4,2.18821,2.756,-0.188462,-2.09612,-3.0179,-5.7,-6.01,5.2286,106,53,1.48163,34.3622,22.3502,-0.409601,29.4119,19.2488,-0.0109789,-0.599602,29.4395,20.162,0.2,-3,3,2.48573,0.51427,0,3,0
18:00:19.175,0.6,0.4,0.4,2.06282,2.77286,-0.196963,-2.10033,-3.00927,-5.70167,-6.01,5.25,106,53,1.55789,34.5472,22.4538,-0.343465,29.6006,19.3757,-0.0111715,-0.523306,29.6829,20.391,0.2,-3,3,2.5,0.5,0,3,0
18:00:19.275,0.6,0.4,0.4,1.97458,2.60676,-0.191963,-1.97357,-2.91011,-5.59208,-6.01,5.25304,106,53,1.67295,34.8245,22.6236,-0.243474,29.8835,19.5666,-0.0109617,-0.431686,29.9271,20.649,0.2,-3,3,2.50202,0.497976,0,3,0
18:00:19.375,0.6,0.4,0.4,1.8615,2.47748,-0.187637,-1.88169,-2.81425,-5.50275,-6.01,5.23665,106,53,1.75014,35.0091,22.7455,-0.176295,30.0718,19.6918,-0.0109224,-0.342099,30.1653,20.884,0.2,-3,3,2.4911,0.508899,0,3,0
18:00:19.475,0.6,0.4,0.4,1.85124,2.36488,-0.183626,-1.7823,-2.74755,-5.44239,-6.01,5.27773,106,53,1.86673,35.2859,22.9522,-0.0747483,30.3541,19.8851,-0.0116273,-0.249175,30.4117,21.101,0.2,-3,3,2.51849,0.481514,0,3,0
18:00:19.575,0.6,0.4,0.4,1.86255,2.23202,-0.179295,-1.67841,-2.70788,-5.38605,-6.01,5.28989,107,54,1.98443,35.5622,23.1975,0.0277766,30.636,20.0883,-0.0119746,-0.156629,30.6538,21.335,0.2,-3,3,2.5266,0.473405,0,3,0
18:00:19.675,0.6,0.4,0.4,1.89835,2.05061,-0.170825,-1.53319,-2.63517,-5.27723,-6.01,5.32077,107,53,2.10343,35.8381,23.4843,0.0966842,30.8237,20.2229,-0.0115353,-0.0547336,30.9068,21.586,0.2,-3,3,2.54718,0.452817,0,3,0
18:00:19.775,0.6,0.4,0.4,1.98245,1.87433,-0.162412,-1.4006,-2.60642,-5.20634,-5.92,5.32415,107,53,2.22394,36.1133,23.8174,0.200859,31.105,20.4211,-0.0115242,0.044666,31.151,21.835,0.2,-3,3,2.54943,0.450565,0,3,0
18:00:19.875,0.6,0.4,0.4,2.12026,1.68084,-0.151022,-1.23968,-2.54843,-5.11361,-5.92,5.39475,108,54,2.34621,36.3878,24.2123,0.30601,31.3859,20.6216,-0.0117443,0.15454,31.4122,22.092,0.2,-3,3,2.5965,0.403502,0,3,0
18:00:19.975,0.6,0.4,0.4,2.15587,1.47046,-0.139628,-1.08607,-2.47179,-5.01164,-5.92,5.38742,107,53,2.42885,36.5703,24.5139,0.37666,31.573,20.7569,-0.0118495,0.261095,31.662,22.358,0.2,-3,3,2.59162,0.408384,0,3,0
18:00:20.075,0.6,0.4,0.4,2.61238,1.3569,-0.129432,-0.992028,-2.61713,-5.02848,-5.82,5.44283,108,53,2.59724,36.9339,25.2084,0.483458,31.8533,20.9543,-0.0110054,0.374155,31.9297,22.596,0.2,-3,3,2.62855,0.371447,0,3,0
18:00:20.175,0.6,0.4,0.4,3.00986,1.2513,-0.117484,-0.912185,-2.73196,-5.04405,-5.74,5.45871,108,53,2.72664,37.2052,25.8179,0.591187,32.1332,21.1387,-0.0105397,0.484974,32.1843,22.808,0.2,-3,3,2.63914,0.360859,0,3,0
18:00:20.275,0.6,0.4,0.4,3.76269,1.2775,-0.109238,-0.91365,-3.03537,-5.19826,-5.46,5.56407,109,53,2.904,37.5644,26.7717,0.699805,32.4129,21.3185,-0.0103566,0.602258,32.4634,23.009,0.2,-3,3,2.70938,0.290623,0,3,0
18:00:20.375,0.6,0.4,0.4,4.39564,1.29633,-0.0995097,-0.926681,-3.30693,-5.32786,-5.28,5.56665,109,53,3.04115,37.8315,27.5886,0.809291,32.6921,21.4912,-0.00960687,0.716376,32.7278,23.193,0.2,-3,3,2.7111,0.288898,0,3,0
18:00:20.475,0.6,0.4,0.4,5.45593,1.45214,-0.09023,-1.02746,-3.79023,-5.59881,-5.19,5.62383,110,53,3.23021,38.1843,28.8149,0.919586,32.9711,21.648,-0.00861146,0.836923,33.0074,23.359,0.2,-3,3,2.74922,0.250782,0,3,0
18:00:20.575,0.6,0.4,0.4,6.33516,1.60096,-0.0808191,-1.12972,-4.19217,-5.84179,-5.19,5.63869,110,53,3.37713,38.4459,29.8452,1.03061,33.2498,21.7914,-0.00821754,0.953347,33.2743,23.51,0.2,-3,3,2.75913,0.240874,0,3,0
18:00:20.675,0.6,0.4,0.4,7.70769,1.94608,-0.0740285,-1.35546,-4.84712,-6.27685,-5.19,5.71207,111,53,3.58054,38.7901,31.3557,1.14234,33.5283,21.9334,-0.00820383,1.07492,33.5591,23.648,0.2,-3,3,2.80805,0.191954,0,3,0
18:00:20.775,0.6,0.4,0.4,8.79536,2.25382,-0.0677007,-1.57027,-5.39608,-6.64719,-5.19,5.70963,111,53,3.73912,39.0442,32.5844,1.25476,33.8065,22.0724,-0.00796908,1.19167,33.8311,23.789,0.2,-3,3,2.80642,0.193583,0,3,0
18:00:20.875,0.6,0.4,0.4,9.96566,2.62234,-0.0611114,-1.8109,-5.94509,-7.03255,-5.19,5.75945,111,53,3.9032,39.2947,33.8987,1.36785,34.0844,22.2077,-0.00791718,1.31364,34.1133,23.933,0.2,-3,3,2.83963,0.160365,0,3,0
18:00:20.975,0.6,0.4,0.4,11.2074,3.05474,-0.0557334,-2.09717,-6.55138,-7.48671,-5.19,5.79194,111,53,4.07304,39.541,35.2884,1.48163,34.3622,22.3502,-0.00873522,1.43163,34.3871,24.081,0.2,-3,3,2.86129,0.138708,0,3,0
18:00:21.075,0.6,0.4,0.4,12.9849,3.6764,-0.0469212,-2.49367,-7.37949,-8.10773,-5.19,5.85995,111,52,4.30879,39.8625,37.2289,1.59615,34.6396,22.5088,-0.0097825,1.56086,34.677,24.244,0.2,-3,3,2.90663,0.0933654,0,3,0
18:00:21.175,0.6,0.4,0.4,14.3197,4.2162,-0.0402181,-2.85953,-8.04925,-8.62816,-5.19,5.85811,111,52,4.49271,40.0981,38.7447,1.7115,34.9168,22.6833,-0.0105942,1.68404,34.9554,24.425,0.2,-3,3,2.90541,0.0945909,0,3,0
18:00:21.275,0.6,0.4,0.4,16.2117,5.03948,-0.0359097,-3.38888,-8.9803,-9.37372,-5.65,5.90399,112,52,4.74759,40.4042,40.8207,1.82776,35.1937,22.8797,-0.012309,1.80897,35.2415,24.609,0.2,-3,3,2.93599,0.064008,0,3,0
18:00:21.375,0.6,0.4,0.4,17.5075,5.68038,-0.033795,-3.81297,-9.65024,-9.9544,-6.28,5.91076,112,52,4.94596,40.6276,42.3935,1.94506,35.4702,23.1108,-0.0146873,1.93022,35.5214,24.886,0.2,-3,3,2.94051,0.0594935,0,3,0
18:00:21.475,0.6,0.4,0.4,18.134,6.03623,-0.0318333,-4.06357,-9.99743,-10.2932,-7.3,5.89126,111,52,5.08159,40.7734,43.447,2.06361,35.7462,23.3843,-0.0170127,2.05325,35.8023,25.313,0.2,-3,3,2.92751,0.072495,0,3,0
18:00:21.575,0.6,0.4,0.4,19.1723,6.54651,-0.0322455,-4.43193,-10.6118,-10.8315,-8.03,5.85447,111,52,5.29005,40.9875,45.0323,2.18359,36.0216,23.7003,-0.0198298,2.17221,36.0758,25.86,0.2,-3,3,2.90298,0.0970206,0,3,0
18:00:21.675,0.6,0.4,0.4,20.1031,6.99755,-0.0303486,-4.73244,-11.0959,-11.2945,-8.78,5.85699,111,52,5.50441,41.1958,46.6121,2.30524,36.2964,24.0731,-0.0235676,2.29548,36.3488,26.509,0.2,-3,3,2.90466,0.09534,0,3,0
18:00:21.775,0.6,0.4,0.4,20.9156,7.44897,-0.0332776,-5.05083,-11.5875,-11.7754,-9.53,5.83801,111,52,5.72449,41.3982,48.1726,2.42885,36.5703,24.5139,-0.0275905,2.41462,36.6192,27.257,0.2,-3,3,2.89201,0.107991,0,3,0
18:00:21.875,0.6,0.4,0.4,21.6386,7.79519,-0.0265558,-5.31563,-11.9839,-12.1835,-9.9,5.80185,111,52,5.95007,41.5947,49.7126,2.55472,36.8432,25.023,-0.0315846,2.5455,36.8861,28.074,0.2,-3,3,2.8679,0.132102,0,3,0
18:00:21.975,0.6,0.4,0.4,21.7903,7.96068,-0.0272233,-5.47269,-12.1506,-12.4406,-10.37,5.75322,110,52,6.1034,41.7223,50.7293,2.68318,37.1149,25.6051,-0.0361869,2.66882,37.1478,28.939,0.2,-3,3,2.83548,0.164523,0,3,0
18:00:22.075,0.6,0.4,0.4,22.3779,8.31209,-0.0226259,-5.74021,-12.4838,-12.8499,-10.84,5.72381,110,52,6.33767,41.9088,52.2289,2.81458,37.3851,26.2747,-0.041642,2.80078,37.4082,29.851,0.2,-3,3,2.81587,0.18413,0,3,0
18:00:22.175,0.6,0.4,0.4,22.3878,8.46708,-0.0264329,-5.91736,-12.6364,-13.1168,-11.22,5.65404,109,52,6.49657,42.0297,53.2078,2.9493,37.6536,27.0344,-0.0466412,2.92493,37.664,30.82,0.2,-3,3,2.76936,0.23064,0,3,0
18:00:22.275,0.6,0.4,0.4,22.8103,8.75814,-0.019848,-6.16261,-12.8862,-12.9869,-11.59,5.61253,109,52,6.7388,42.2062,54.6453,3.08773,37.9201,27.8802,-0.0516946,3.06382,37.9175,31.835,0.2,-3,3,2.74168,0.258316,0,3,0
18:00:22.375,0.6,0.4,0.4,22.6724,8.85204,-0.0239404,-6.26668,-12.9028,-12.7975,-12.07,5.57729,109,53,6.90277,42.3205,55.5854,3.23021,38.1843,28.8149,-0.0571064,3.19253,38.1657,32.913,0.2,-3,3,2.71819,0.281807,0,3,0
18:00:22.475,0.6,0.4,0.4,23.3477,9.26103,-0.0115729,-6.50425,-13.1074,-13.1649,-12.26,5.61799,110,53,7.23631,42.5412,57.4147,3.37713,38.4459,29.8452,-0.0626567,3.34862,38.4197,34.067,0.2,-3,3,2.74533,0.25467,0,3,0
18:00:22.575,0.6,0.4,0.4,22.5924,9.01571,-0.0142518,-6.40065,-12.8054,-13.0742,-12.55,5.55973,108,52,7.32081,42.5948,57.8604,3.47772,38.6187,30.5822,-0.0659847,3.48964,38.6666,35.268,0.2,-3,3,2.70648,0.293515,0,3,0
18:00:22.675,0.6,0.4,0.4,22.675,9.115,-0.00137473,-6.51468,-12.8058,-13.2694,-12.64,5.52123,108,52,7.57679,42.7515,59.169,3.63281,38.8752,31.7559,-0.0707288,3.65318,38.9104,36.494,0.2,-3,3,2.68082,0.319179,0,3,0
18:00:22.775,0.6,0.4,0.4,22.3131,9.13782,-0.00707894,-6.62175,-12.7747,-13.4577,-12.83,5.44466,107,52,7.74943,42.8528,60.0201,3.79319,39.1281,33.0131,-0.0758103,3.79729,39.1473,37.707,0.2,-3,3,2.62977,0.370229,0,3,0
18:00:22.875,0.6,0.4,0.4,22.3481,9.32276,-0.00203015,-6.79052,-12.7992,-13.7007,-13.02,5.4146,107,52,8.01119,43,61.2711,3.95916,39.3772,34.3546,-0.0805028,3.96291,39.3862,38.923,0.2,-3,3,2.60973,0.390268,0,3,0
18:00:22.975,0.6,0.4,0.4,21.9093,9.37434,-0.0160501,-6.93458,-12.8078,-13.8921,-13.12,5.33012,106,52,8.18747,43.095,62.0893,4.13098,39.6221,35.7649,-0.0839536,4.1074,39.617,40.18,0.2,-3,3,2.55341,0.446588,0,3,0
18:00:23.075,0.6,0.4,0.4,21.8665,9.47887,-0.00880959,-7.02232,-12.7326,-14.0086,-13.31,5.32101,107,53,8.45439,43.2328,63.2925,4.30879,39.8625,37.2289,-0.0870743,4.28312,39.8435,41.426,0.2,-3,3,2.54734,0.452661,0,3,0
18:00:23.175,0.6,0.4,0.4,20.9906,9.25837,-0.0222023,-6.94826,-12.4508,-13.9141,-13.6,5.25429,105,52,8.544,43.2775,63.6886,4.43072,40.0201,38.2344,-0.0889799,4.43712,40.0638,42.698,0.2,-3,3,2.50286,0.497142,0,3,0
18:00:23.275,0.6,0.4,0.4,20.8655,9.21095,-0.00713407,-6.87643,-12.1965,-13.8325,-13.79,5.28275,106,53,8.81466,43.4079,64.8645,4.61877,40.2523,39.7778,-0.0910457,4.63394,40.2814,43.999,0.2,-3,3,2.52183,0.478168,0,3,0
18:00:23.375,0.6,0.4,0.4,20.7005,9.31256,-0.0154866,-7.04516,-12.2857,-14.0067,-13.98,5.21136,106,53,9.08792,43.5327,66.0225,4.81303,40.4793,41.3443,-0.0918423,4.80347,40.4918,45.322,0.2,-3,3,2.47424,0.52576,0,3,0
18:00:23.475,0.6,0.4,0.4,20.4588,9.165,-0.0028043,-6.89982,-11.9861,-13.8203,-14.08,5.23863,106,53,9.36362,43.6521,67.1628,5.01344,40.7008,42.9196,-0.0923326,5.00938,40.7006,46.704,0.2,-3,3,2.49242,0.507582,0,3,0
18:00:23.575,0.6,0.4,0.4,19.8236,8.97864,-0.0147608,-6.90523,-11.8855,-13.8033,-14.08,5.12893,105,53,9.5487,43.7286,67.9186,5.2199,40.9168,44.5037,-0.0926504,5.18547,40.903,48.095,0.2,-3,3,2.41929,0.580711,0,3,0
18:00:23.675,0.6,0.4,0.4,19.5959,8.84716,-0.00644845,-6.83176,-11.6999,-13.6829,-14.18,5.10931,106,54,9.82815,43.8387,69.0529,5.43231,41.127,46.0872,-0.0921455,5.39764,41.1028,49.457,0.2,-3,3,2.40621,0.593795,0,3,0
18:00:23.775,0.6,0.4,0.4,18.63,8.50351,-0.0227756,-6.63642,-11.3533,-13.4146,-14.18,5.05829,104,53,9.92177,43.8742,69.432,5.57715,41.2639,47.1347,-0.0912907,5.57802,41.2957,50.802,0.2,-3,3,2.37219,0.627808,0,3,0
18:00:23.875,0.6,0.4,0.4,18.7957,8.55218,-0.0129734,-6.51509,-11.185,-13.2449,-14.18,5.1826,105,53,10.2985,44.0099,70.9527,5.79908,41.4644,48.688,-0.0900226,5.81315,41.4938,52.157,0.2,-3,3,2.45507,0.54493,0,3,0
18:00:23.975,0.6,0.4,0.4,18.5631,8.54075,-0.0277822,-6.58812,-11.2776,-13.3046,-14.18,5.11786,105,53,10.5832,44.105,72.1071,6.02644,41.6588,50.2221,-0.0889762,6.01268,41.6835,53.544,0.2,-3,3,2.41191,0.588094,0,3,0
18:00:24.075,0.6,0.4,0.4,18.3246,8.26639,-0.0157481,-6.32985,-10.9664,-12.9739,-14.08,5.15853,105,53,10.8698,44.1943,73.2806,6.25902,41.8473,51.7331,-0.0870701,6.25989,41.868,54.956,0.2,-3,3,2.43902,0.560981,0,3,0
18:00:24.175,0.6,0.4,0.4,17.7095,7.98743,-0.0291794,-6.23911,-10.8646,-12.8242,-14.08,5.0587,104,53,11.0618,44.2506,74.0735,6.49657,42.0297,53.2078,-0.084795,6.46767,42.0446,56.364,0.2,-3,3,2.37246,0.627536,0,3,0
18:00:24.275,0.6,0.4,0.4,17.5078,7.76042,-0.0251632,-6.03406,-10.6714,-12.5641,-14.08,5.08418,104,53,11.3511,44.3298,75.2778,6.7388,42.2062,54.6453,-0.0827182,6.71427,42.2197,57.77,0.2,-3,3,2.38945,0.610549,0,3,0
18:00:24.375,0.6,0.4,0.4,16.9417,7.55472,-0.045368,-6.00305,-10.6736,-12.4947,-14.08,4.97596,104,54,11.5448,44.3793,76.0917,6.98547,42.3767,56.0496,-0.0806556,6.92195,42.3888,59.15,0.2,-3,3,2.31731,0.682691,0,3,0
18:00:24.475,0.6,0.4,0.4,17.2339,7.51697,-0.0400355,-5.90968,-10.7239,-12.381,-14.08,5.03004,105,54,11.9342,44.4698,77.7479,7.23631,42.5412,57.4147,-0.0781872,7.17575,42.5502,60.514,0.2,-3,3,2.35336,0.646637,0,3,0
18:00:24.575,0.6,0.4,0.4,16.2813,7.10383,-0.058938,-5.62193,-10.3768,-12.0209,-14.08,5.00012,103,53,12.0319,44.4906,78.1663,7.40573,42.6476,58.3011,-0.076459,7.39261,42.7087,61.885,0.2,-3,3,2.33341,0.666587,0,3,0
18:00:24.675,0.6,0.4,0.4,16.5558,6.90077,-0.0413003,-5.35493,-10.2362,-11.7577,-14.08,5.10164,104,53,12.4242,44.5668,79.8488,7.66292,42.8025,59.5965,-0.0741916,7.6712,42.8551,63.293,0.2,-3,3,2.40109,0.59891,0,3,0
18:00:24.775,0.6,0.4,0.4,15.9868,6.52278,-0.0497264,-5.17446,-10.1188,-11.5099,-13.98,4.99263,103,53,12.621,44.6006,80.6958,7.92357,42.9516,60.8571,-0.0724398,7.90457,42.9979,64.709,0.2,-3,3,2.32842,0.671582,0,3,0
18:00:24.875,0.6,0.4,0.4,16.3257,6.37287,-0.0334505,-5.01001,-10.1034,-11.3384,-13.7,5.03936,104,53,13.0161,44.6593,82.4017,8.18747,43.095,62.0893,-0.0706957,8.18417,43.131,66.076,0.2,-3,3,2.35957,0.640427,0,3,0
18:00:24.975,0.6,0.4,0.4,15.9152,6.16056,-0.0431973,-4.91392,-10.0428,-11.2135,-13.31,4.96789,103,53,13.2142,44.6842,83.2542,8.45439,43.2328,63.2925,-0.0692198,8.42074,43.2643,67.339,0.2,-3,3,2.31192,0.688076,0,3,0
18:00:25.075,0.6,0.4,0.4,16.3996,6.21733,-0.0289063,-4.87467,-10.085,-11.17,-12.74,5.05405,104,53,13.6113,44.7252,84.9496,8.72414,43.365,64.4746,-0.0681186,8.71124,43.3909,68.55,0.2,-3,3,2.36937,0.630635,0,3,0
18:00:25.175,0.6,0.4,0.4,16.523,6.35028,-0.0397211,-5.03109,-10.3332,-11.3389,-12.55,5.00042,104,53,13.9098,44.7483,86.216,8.99656,43.4917,65.6386,-0.0671096,8.95635,43.5172,69.693,0.2,-3,3,2.33361,0.66639,0,3,0
18:00:25.275,0.6,0.4,0.4,17.0943,6.44372,-0.0154702,-4.97304,-10.2696,-11.253,-12.26,5.13322,106,54,14.3085,44.7688,87.8883,9.27146,43.6129,66.7839,-0.0660918,9.26235,43.6258,70.794,0.2,-3,3,2.42214,0.577855,0,3,0
18:00:25.375,0.6,0.4,0.4,17.2014,6.53566,-0.0177599,-5.07377,-10.3945,-11.3603,-12.17,5.10226,105,53,14.6078,44.7766,89.1154,9.5487,43.7286,67.9186,-0.0658121,9.52327,43.7375,71.914,0.2,-3,3,2.4015,0.598496,0,3,0
18:00:25.475,0.6,0.4,0.4,17.6925,6.60369,0.0107747,-5.02036,-10.2794,-11.2914,-12.07,5.21025,106,53,15.0071,44.7772,90.7145,9.82815,43.8387,69.0529,-0.0660336,9.83758,43.8308,73.022,0.2,-3,3,2.4735,0.526498,0,3,0
18:00:25.576,0.6,0.4,0.4,17.3881,6.48635,0.0132839,-4.97058,-10.1272,-11.2137,-11.89,5.1696,104,52,15.2067,44.7733,91.4941,10.1097,43.9433,70.1909,-0.0662022,10.1076,43.9285,74.106,0.2,-3,3,2.4464,0.5536,0,3,0
18:00:25.675,0.6,0.4,0.4,17.8081,6.63005,0.0376911,-4.97276,-10.0133,-11.1994,-11.79,5.28129,105,52,15.6059,44.7576,92.9961,10.3932,44.0423,71.3357,-0.0669134,10.4227,44.0124,75.188,0.2,-3,3,2.52086,0.479142,0,3,0
18:00:25.775,0.6,0.4,0.4,17.7943,6.74003,0.0383438,-5.12701,-10.0886,-11.366,-11.69,5.20615,105,52,15.905,44.7391,94.0703,10.6785,44.1354,72.496,-0.0680395,10.6976,44.1012,76.276,0.2,-3,3,2.47077,0.529233,0,3,0
18:00:25.875,0.6,0.4,0.4,17.7567,6.71685,0.059214,-5.05399,-9.80772,-11.2562,-11.59,5.26369,105,52,16.2038,44.7151,95.0987,10.9657,44.2228,73.6761,-0.0691881,11.0137,44.175,77.342,0.2,-3,3,2.50913,0.490873,0,3,0
18:00:25.975,0.6,0.4,0.4,17.7092,6.90256,0.0572956,-5.22892,-9.83963,-11.4254,-11.41,5.22664,105,52,16.5022,44.6859,96.0732,11.2545,44.3041,74.8743,-0.0702545,11.2903,44.2544,78.364,0.2,-3,3,2.48442,0.515577,0,3,0
18:00:26.075,0.6,0.4,0.4,18.2055,7.38262,0.0745015,-5.45747,-9.82843,-11.638,-11.31,5.35283,107,53,16.9986,44.6264,97.5665,11.6419,44.403,76.5023,-0.0719284,11.6153,44.3201,79.361,0.2,-3,3,2.56855,0.431447,0,3,0
18:00:26.175,0.6,0.4,0.4,18.0317,7.59954,0.0693643,-5.63443,-9.79427,-11.7902,-11.22,5.33511,107,53,17.2958,44.5848,98.3847,11.9342,44.4698,77.7479,-0.0729921,11.9017,44.3919,80.353,0.2,-3,3,2.55674,0.44326,0,3,0
18:00:26.275,0.6,0.4,0.4,18.0141,7.76674,0.088277,-5.66273,-9.51671,-11.7459,-11.22,5.42435,108,53,17.6912,44.5229,99.3791,12.2278,44.5302,79.0058,-0.0735013,12.2265,44.4401,81.365,0.2,-3,3,2.61623,0.383768,0,3,0
18:00:26.375,0.6,0.4,0.4,17.4214,7.669,0.0849049,-5.63077,-9.24731,-11.6567,-11.22,5.3871,107,53,17.8885,44.4895,99.8314,12.5226,44.5841,80.2717,-0.0740025,12.516,44.4969,82.41,0.2,-3,3,2.5914,0.408599,0,3,0
18:00:26.475,0.6,0.4,0.4,17.214,7.82005,0.0951376,-5.68918,-8.98783,-11.6437,-11.22,5.43579,108,53,18.2825,44.4182,100.652,12.8184,44.6314,81.5477,-0.0746332,12.8361,44.5378,83.438,0.2,-3,3,2.62386,0.376137,0,3,0
18:00:26.575,0.6,0.4,0.4,16.5859,7.77929,0.0845548,-5.74172,-8.80025,-11.6299,-11.22,5.35783,106,52,18.4791,44.3806,101.022,13.1151,44.6721,82.8282,-0.0745309,13.1222,44.5878,84.436,0.2,-3,3,2.57189,0.428112,0,3,0
18:00:26.675,0.6,0.4,0.4,16.2639,7.94992,0.0856055,-5.81715,-8.56117,-11.6116,-11.22,5.40313,107,52,18.8716,44.3017,101.686,13.4126,44.7062,84.1035,-0.0740738,13.4327,44.6222,85.422,0.2,-3,3,2.60209,0.397912,0,3,0
18:00:26.775,0.6,0.4,0.4,15.7318,8.08702,0.0672629,-5.92116,-8.42252,-11.6491,-11.22,5.39849,107,52,19.1654,44.2397,102.126,13.7108,44.7336,85.3721,-0.0738613,13.7173,44.6667,86.394,0.2,-3,3,2.59899,0.401008,0,3,0
18:00:26.875,0.6,0.4,0.4,15.1358,7.93697,0.0744386,-5.73733,-7.95152,-11.3646,-11.22,5.46995,108,53,19.4587,44.1756,102.524,14.0094,44.7545,86.6367,-0.0734474,14.0336,44.6813,87.388,0.2,-3,3,2.64663,0.353368,0,3,0
18:00:26.975,0.6,0.4,0.4,14.4858,7.89318,0.0610337,-5.7589,-7.74434,-11.2987,-11.22,5.41945,108,53,19.7516,44.1096,102.884,14.3085,44.7688,87.8883,-0.0723409,14.3219,44.7082,88.398,0.2,-3,3,2.61296,0.387035,0,3,0
18:00:27.075,0.6,0.4,0.4,13.8023,7.66663,0.063981,-5.54813,-7.28795,-10.9723,-11.22,5.46618,108,53,20.044,44.0418,103.208,14.6078,44.7766,89.1154,-0.0708062,14.6347,44.7129,89.406,0.2,-3,3,2.64412,0.355882,0,3,0
18:00:27.175,0.6,0.4,0.4,13.0965,7.57202,0.0466248,-5.5106,-7.06262,-10.8492,-11.22,5.43613,108,53,20.3361,43.9724,103.504,14.9072,44.7781,90.3191,-0.069433,14.9228,44.7313,90.408,0.2,-3,3,2.62408,0.375916,0,3,0
18:00:27.275,0.6,0.4,0.4,12.3867,7.34043,0.0425971,-5.30936,-6.66447,-10.5357,-11.22,5.47177,108,53,20.6278,43.9016,103.777,15.2067,44.7733,91.4941,-0.067423,15.2343,44.7299,91.39,0.2,-3,3,2.64785,0.352152,0,3,0
18:00:27.375,0.6,0.4,0.4,11.6656,7.23303,0.0199261,-5.26921,-6.4818,-10.3922,-11.22,5.43346,108,53,20.9191,43.8295,104.026,15.5061,44.7625,92.6282,-0.0647004,15.5213,44.7418,92.36,0.2,-3,3,2.62231,0.377692,0,3,0
18:00:27.475,0.6,0.4,0.4,10.9379,6.93944,0.0144013,-5.009,-6.07485,-10.0171,-11.22,5.48637,108,53,21.2101,43.7562,104.254,15.8053,44.7459,93.7172,-0.0621082,15.8284,44.7299,93.316,0.2,-3,3,2.65758,0.342417,0,3,0
18:00:27.575,0.6,0.4,0.4,10.2786,6.79205,-0.00670554,-4.92971,-5.90523,-9.84745,-11.22,5.45721,108,53,21.5008,43.6818,104.465,16.1042,44.7237,94.7613,-0.0594232,16.0872,44.7319,94.186,0.2,-3,3,2.63814,0.361857,0,3,0
18:00:27.675,0.6,0.4,0.4,9.39726,6.3282,-0.0134965,-4.57557,-5.44562,-9.36831,-11.22,5.48164,109,54,21.7913,43.6063,104.659,16.4028,44.6962,95.7552,-0.0561259,16.4192,44.7081,95.262,0.2,-3,3,2.65442,0.345576,0,3,0
18:00:27.775,0.6,0.4,0.4,8.60464,6.03103,-0.0356436,-4.38107,-5.20374,-9.07139,-11.22,5.45815,108,53,22.0814,43.5299,104.842,16.701,44.6637,96.6897,-0.0526882,16.7043,44.6992,96.237,0.2,-3,3,2.63876,0.361237,0,3,0
18:00:27.875,0.6,0.4,0.4,7.8223,5.54635,-0.0405528,-4.00878,-4.78129,-8.36396,-11.22,5.48897,108,53,22.3714,43.4526,105.021,16.9986,44.6264,97.5665,-0.0493557,17.0044,44.6666,97.199,0.2,-3,3,2.65931,0.340688,0,3,0
18:00:27.975,0.6,0.4,0.4,7.03915,5.19101,-0.0632265,-3.78805,-4.56547,-8.00752,-11.22,5.43866,108,53,22.661,43.3744,105.201,17.2958,44.5848,98.3847,-0.0458427,17.287,44.65,98.162,0.2,-3,3,2.62577,0.374228,0,3,0
18:00:28.075,0.6,0.4,0.4,6.28195,4.64242,-0.0662487,-3.37782,-4.14868,-7.53459,-10.74,5.45772,109,54,22.9504,43.2953,105.377,17.5924,44.539,99.1414,-0.0421349,17.5801,44.6081,99.095,0.2,-3,3,2.63848,0.361518,0,3,0
18:00:28.175,0.6,0.4,0.4,5.61736,4.30986,-0.0854286,-3.14173,-3.94229,-7.23876,-10.09,5.44919,109,54,23.2395,43.2153,105.554,17.8885,44.4895,99.8314,-0.0381918,17.8598,44.5812,99.937,0.2,-3,3,2.63279,0.36721,0,3,0
18:00:28.275,0.6,0.4,0.4,5.13011,3.90984,-0.0861702,-2.81484,-3.63216,-6.85779,-9.34,5.51952,110,54,23.6246,43.1072,105.801,18.1841,44.4366,100.457,-0.034559,18.1597,44.5288,100.671,0.2,-3,3,2.67968,0.320318,0,3,0
18:00:28.375,0.6,0.4,0.4,4.54219,3.65879,-0.102701,-2.64655,-3.45536,-6.64254,-8.69,5.49459,108,53,23.7208,43.0799,105.864,18.3808,44.3996,100.84,-0.0322408,18.4439,44.492,101.322,0.2,-3,3,2.66306,0.336938,0,3,0
18:00:28.475,0.6,0.4,0.4,4.20476,3.32057,-0.100363,-2.37885,-3.21597,-6.3316,-8.32,5.54927,109,53,24.1053,42.9697,106.121,18.6754,44.3417,101.366,-0.0289825,18.7414,44.4307,101.916,0.2,-3,3,2.69951,0.300488,0,3,0
18:00:28.575,0.6,0.4,0.4,3.85723,3.1407,-0.112873,-2.24266,-3.1171,-6.15509,-7.94,5.5681,109,53,24.3934,42.8859,106.319,18.9695,44.2813,101.837,-0.0259962,19.0269,44.3846,102.462,0.2,-3,3,2.71207,0.287934,0,3,0
18:00:28.675,0.6,0.4,0.4,3.61894,2.8234,-0.106927,-1.99696,-2.90708,-5.88617,-7.66,5.62257,110,53,24.7769,42.7727,106.587,19.2632,44.2186,102.263,-0.0235119,19.3248,44.3146,102.968,0.2,-3,3,2.74838,0.251617,0,3,0
18:00:28.775,0.6,0.4,0.4,3.34312,2.64423,-0.114999,-1.87446,-2.8265,-5.742,-7.39,5.61046,110,53,25.0643,42.6865,106.787,19.5563,44.1538,102.648,-0.0212788,19.6101,44.2596,103.444,0.2,-3,3,2.7403,0.259696,0,3,0
18:00:28.875,0.6,0.4,0.4,3.12303,2.34648,-0.105889,-1.64958,-2.60662,-5.48391,-7.2,5.65828,110,53,25.3513,42.5994,106.987,19.8491,44.0872,102.995,-0.0191133,19.9026,44.1835,103.864,0.2,-3,3,2.77219,0.22781,0,3,0
18:00:28.975,0.6,0.4,0.4,2.92481,2.19419,-0.110168,-1.53827,-2.52522,-5.35649,-6.83,5.67432,109,52,25.638,42.5113,107.186,20.1414,44.0189,103.31,-0.0174298,20.1876,44.1211,104.261,0.2,-3,3,2.78288,0.217123,0,3,0
18:00:29.075,0.6,0.4,0.4,2.81345,1.90859,-0.0970074,-1.33107,-2.34332,-5.14386,-6.65,5.70472,110,52,26.0198,42.3922,107.443,20.4333,43.949,103.598,-0.0160678,20.4756,44.0386,104.63,0.2,-3,3,2.80315,0.196854,0,3,0
18:00:29.175,0.6,0.4,0.4,2.62401,1.75916,-0.0958264,-1.22961,-2.23395,-5.01345,-6.47,5.6923,109,52,26.2105,42.3321,107.568,20.7249,43.8777,103.862,-0.0147108,20.7574,43.9684,104.944,0.2,-3,3,2.79487,0.205132,0,3,0
18:00:29.275,0.6,0.4,0.4,2.58188,1.52904,-0.0805189,-1.06428,-2.07683,-4.83398,-6.28,5.71672,110,52,26.5916,42.2105,107.81,21.0162,43.8052,104.104,-0.0134674,21.0376,43.8828,105.228,0.2,-3,3,2.81115,0.188854,0,3,0
18:00:29.375,0.6,0.4,0.4,2.50378,1.42117,-0.0757892,-0.982771,-1.98308,-4.72698,-6.19,5.75425,110,52,26.877,42.1184,107.979,21.3071,43.7315,104.326,-0.0124134,21.3176,43.8071,105.475,0.2,-3,3,2.83617,0.163831,0,3,0
18:00:29.475,0.6,0.4,0.4,2.42119,1.17752,-0.0565196,-0.810116,-1.77374,-4.52432,-5.92,5.78423,110,52,27.1622,42.0254,108.136,21.5977,43.6567,104.531,-0.0114792,21.5999,43.7145,105.715,0.2,-3,3,2.85616,0.143844,0,3,0
18:00:29.575,0.6,0.4,0.4,2.37841,1.05983,-0.0477642,-0.726398,-1.67443,-4.41796,-5.65,5.80625,112,53,27.5421,41.9002,108.329,21.888,43.5809,104.721,-0.0106214,21.8805,43.6323,105.951,0.2,-3,3,2.87084,0.129164,0,3,0
18:00:29.675,0.6,0.4,0.4,2.31284,0.854465,-0.0282985,-0.581453,-1.47419,-4.24802,-5.46,5.84832,112,53,27.8268,41.8056,108.462,22.1781,43.5042,104.901,-0.0104048,22.1618,43.5379,106.149,0.2,-3,3,2.89888,0.101117,0,3,0
18:00:29.775,0.6,0.4,0.4,2.25294,0.759652,-0.018996,-0.513983,-1.36164,-4.16308,-5.37,5.88199,112,53,28.1112,41.7103,108.585,22.4679,43.4266,105.081,-0.010489,22.4447,43.4526,106.332,0.2,-3,3,2.92132,0.0786753,0,3,0
18:00:29.875,0.6,0.4,0.4,2.23074,0.615034,-0.000493729,-0.414769,-1.20139,-4.03233,-5.28,5.90147,113,53,28.4901,41.5823,108.732,22.7575,43.3481,105.26,-0.0102368,22.7283,43.3566,106.501,0.2,-3,3,2.93431,0.0656867,0,3,0
18:00:29.975,0.6,0.4,0.4,2.18079,0.539389,0.0100737,-0.363167,-1.0907,-3.95447,-5.1,5.91108,113,53,28.7741,41.4857,108.828,23.0468,43.2687,105.436,-0.010297,23.0116,43.268,106.647,0.2,-3,3,2.94072,0.0592816,0,3,0
18:00:30.075,0.6,0.4,0.4,2.1392,0.468488,0.0220573,-0.314438,-0.972849,-3.88168,-4.83,5.92976,113,53,29.058,41.3887,108.908,23.3359,43.1884,105.615,-0.01069,23.2884,43.1788,106.769,0.2,-3,3,2.95318,0.0468247,0,3,0
18:00:30.175,0.6,0.4,0.4,2.11778,0.488992,0.0281009,-0.327239,-0.912693,-3.86246,-4.64,5.94716,113,53,29.3417,41.2913,108.97,23.6246,43.1072,105.801,-0.0109834,23.5714,43.0931,106.852,0.2,-3,3,2.96477,0.0352252,0,3,0
18:00:30.275,0.6,0.4,0.4,2.05954,0.402914,0.0409485,-0.270681,-0.784071,-3.77426,-4.37,5.9242,112,52,29.5309,41.2262,109.001,23.817,43.0525,105.928,-0.0110903,23.846,43.0017,106.941,0.2,-3,3,2.94947,0.0505319,0,3,0
18:00:30.375,0.6,0.4,0.4,2.07677,0.466016,0.0483241,-0.311478,-0.733999,-3.77126,-4.1,5.95453,112,52,29.8145,41.1285,109.032,24.1053,42.9697,106.121,-0.0113494,24.1258,42.9135,106.955,0.2,-3,3,2.96968,0.0303159,0,3,0
18:00:30.475,0.6,0.4,0.4,2.12451,0.536308,0.0593403,-0.356523,-0.672785,-3.76619,-4.01,5.98684,112,52,30.0981,41.0306,109.043,24.3934,42.8859,106.319,-0.0116932,24.4027,42.8214,106.918,0.2,-3,3,2.99123,0.00877118,0,3,0
18:00:30.575,0.6,0.4,0.4,2.11332,0.637618,0.0649503,-0.420927,-0.622092,-3.76603,-3.92,6.02864,113,52,30.4762,40.9001,109.026,24.6811,42.8012,106.52,-0.0116561,24.6581,42.7402,106.913,0.2,-3,3,3.0191,-0.0190966,0,3,0
18:00:30.675,0.6,0.4,0.4,2.09932,0.669132,0.0761376,-0.442426,-0.53001,-3.72709,-3.83,6.01916,113,52,30.7598,40.8024,108.996,24.9685,42.7154,106.721,-0.0116521,24.9624,42.6377,106.897,0.2,-3,3,3.01277,-0.0127742,0,3,0
18:00:30.775,0.6,0.4,0.4,2.09614,0.751043,0.0828845,-0.494233,-0.476656,-3.72127,-3.83,6.04774,113,52,31.0435,40.7049,108.953,25.2556,42.6286,106.92,-0.0116593,25.2448,42.5452,106.857,0.2,-3,3,3.03182,-0.0318248,0,3,0
18:00:30.875,0.6,0.4,0.4,2.09544,0.853715,0.087753,-0.561736,-0.43949,-3.72777,-3.56,6.0483,113,52,31.3272,40.6076,108.896,25.5425,42.5408,107.12,-0.0115488,25.5187,42.4563,106.801,0.2,-3,3,3.0322,-0.0322013,0,3,0
18:00:30.975,0.6,0.4,0.4,2.10472,0.983267,0.0906421,-0.645679,-0.42252,-3.74757,-3.47,6.06036,113,52,31.6111,40.5106,108.83,25.829,42.452,107.316,-0.0112578,25.8013,42.3656,106.725,0.2,-3,3,3.04024,-0.0402384,0,3,0
18:00:31.075,0.6,0.4,0.4,2.12755,1.11466,0.0945696,-0.735431,-0.404797,-3.7669,-3.38,6.03162,113,52,31.8951,40.414,108.752,26.1152,42.3622,107.506,-0.0108564,26.0686,42.2778,106.624,0.2,-3,3,3.02108,-0.02108,0,3,0
18:00:31.175,0.6,0.4,0.4,2.17075,1.27958,0.0973362,-0.83796,-0.40682,-3.80422,-3.38,6.07661,115,54,32.1792,40.3177,108.659,26.4011,42.2715,107.691,-0.0105581,26.3481,42.1863,106.488,0.2,-3,3,3.05107,-0.0510733,0,3,0
18:00:31.275,0.6,0.4,0.4,2.17867,1.40646,0.0999663,-0.919753,-0.391271,-3.81627,-3.38,6.08498,115,54,32.4635,40.222,108.557,26.6868,42.1799,107.868,-0.00993462,26.6215,42.0959,106.378,0.2,-3,3,3.05665,-0.0566518,0,3,0
18:00:31.375,0.6,0.4,0.4,2.13046,1.52303,0.101964,-0.990959,-0.351419,-3.81027,-3.38,6.11562,116,54,32.8428,40.0952,108.411,26.9721,42.0875,108.033,-0.00926833,26.9046,42.0022,106.281,0.2,-3,3,3.07708,-0.0770822,0,3,0
18:00:31.475,0.6,0.4,0.4,2.19146,1.6214,0.101612,-1.05908,-0.38569,-3.84731,-3.38,6.09168,114,53,32.9377,40.0637,108.373,27.1622,42.0254,108.136,-0.00885631,27.1759,41.9139,106.182,0.2,-3,3,3.06112,-0.0611203,0,3,0
18:00:31.575,0.6,0.4,0.4,2.11605,1.71744,0.101203,-1.11271,-0.349833,-3.83675,-3.38,6.14131,115,53,33.3174,39.9381,108.217,27.4472,41.9316,108.283,-0.00822289,27.4587,41.8212,106.101,0.2,-3,3,3.09421,-0.0942051,0,3,0
18:00:31.675,0.6,0.4,0.4,2.08829,1.84969,0.0962026,-1.20154,-0.372381,-3.87076,-3.38,6.12501,115,53,33.6024,39.8446,108.094,27.7319,41.8372,108.419,-0.00756422,27.7326,41.7355,106.006,0.2,-3,3,3.08334,-0.0833387,0,3,0
18:00:31.775,0.6,0.4,0.4,2.05845,1.95997,0.0922614,-1.27098,-0.38613,-3.89516,-3.38,6.1353,115,53,33.8877,39.7518,107.968,28.0164,41.7421,108.545,-0.00704159,28.016,41.6449,105.91,0.2,-3,3,3.0902,-0.0902009,0,3,0
18:00:31.875,0.6,0.4,0.4,2.03913,2.12609,0.0822043,-1.38378,-0.451002,-3.96102,-3.38,6.11244,115,53,34.1731,39.6596,107.844,28.3007,41.6464,108.661,-0.00637286,28.2858,41.5646,105.805,0.2,-3,3,3.07496,-0.0749576,0,3,0
18:00:31.975,0.6,0.4,0.4,2.03338,2.26411,0.0745537,-1.464,-0.503937,-4.00841,-3.38,6.15222,115,53,34.4587,39.568,107.726,28.5848,41.5501,108.765,-0.00576609,28.5691,41.4767,105.693,0.2,-3,3,3.10148,-0.101482,0,3,0
18:00:32.075,0.6,0.4,0.4,2.02031,2.42984,0.0614246,-1.57923,-0.595678,-4.08383,-3.38,6.12032,115,53,34.7445,39.4769,107.616,28.8688,41.4534,108.856,-0.00485894,28.8386,41.3988,105.596,0.2,-3,3,3.08021,-0.0802138,0,3,0
18:00:32.175,0.6,0.4,0.4,2.00917,2.54328,0.0519047,-1.64998,-0.660043,-4.12262,-3.38,6.13107,116,54,35.0305,39.3864,107.516,29.1526,41.3563,108.931,-0.00378898,29.1204,41.3124,105.507,0.2,-3,3,3.08738,-0.0873802,0,3,0
18:00:32.275,0.6,0.4,0.4,2.0147,2.71035,0.0364267,-1.76562,-0.780037,-4.20833,-3.38,6.10538,116,54,35.3166,39.2963,107.429,29.4363,41.2588,108.986,-0.00268178,29.3878,41.2369,105.414,0.2,-3,3,3.07025,-0.0702512,0,3,0
18:00:32.375,0.6,0.4,0.4,2.04733,2.8525,0.0242399,-1.84321,-0.882679,-4.27006,-3.38,6.15469,116,54,35.6029,39.2067,107.354,29.7199,41.1611,109.024,-0.00161892,29.6703,41.1526,105.307,0.2,-3,3,3.10313,-0.103126,0,3,0
18:00:32.475,0.6,0.4,0.4,2.09872,3.03242,0.00775755,-1.97343,-1.0372,-4.38744,-3.47,6.11048,115,53,35.7938,39.1471,107.313,29.909,41.0959,109.038,-0.000844146,29.9391,41.0773,105.214,0.2,-3,3,3.07365,-0.0736501,0,3,0
18:00:32.575,0.6,0.4,0.4,2.13659,3.16087,-0.00569015,-2.05021,-1.15399,-4.45358,-3.56,6.13034,115,53,36.0802,39.0579,107.263,30.1926,40.998,109.042,0.000332531,30.22,40.9945,105.126,0.2,-3,3,3.0869,-0.0868952,0,3,0
18:00:32.675,0.6,0.4,0.4,2.16943,3.31645,-0.0242433,-2.15916,-1.3134,-4.55907,-3.83,6.10694,115,53,36.3667,38.969,107.227,30.4762,40.9001,109.026,0.00134799,30.4881,40.9217,105.058,0.2,-3,3,3.07129,-0.0712905,0,3,0
18:00:32.775,0.6,0.4,0.4,2.16022,3.37614,-0.038844,-2.18843,-1.41174,-4.60502,-3.92,6.13351,115,53,36.6533,38.8802,107.207,30.7598,40.8024,108.996,0.00211498,30.7699,40.84,105.047,0.2,-3,3,3.08901,-0.0890064,0,3,0
18:00:32.875,0.6,0.4,0.4,2.14021,3.47683,-0.0580386,-2.27077,-1.55529,-4.69591,-4.19,6.08694,115,54,36.8443,38.8211,107.201,31.0435,40.7049,108.953,0.0029193,31.0369,40.7685,105.061,0.2,-3,3,3.05796,-0.0579581,0,3,0
18:00:32.975,0.6,0.4,0.4,2.12657,3.51052,-0.0723621,-2.28848,-1.65243,-4.73674,-4.28,6.09825,115,54,37.1309,38.7324,107.204,31.3272,40.6076,108.896,0.00366957,31.3164,40.6877,105.077,0.2,-3,3,3.0655,-0.0654986,0,3,0
18:00:33.075,0.6,0.4,0.4,2.09684,3.6119,-0.0933872,-2.36439,-1.80189,-4.84026,-4.37,6.07246,114,53,37.3219,38.6732,107.213,31.5165,40.5429,108.853,0.0039366,31.5831,40.6188,105.116,0.2,-3,3,3.04831,-0.0483057,0,3,0
18:00:33.175,0.6,0.4,0.4,2.06157,3.63295,-0.109944,-2.37142,-1.90219,-4.87855,-4.64,6.08969,114,53,37.6084,38.5844,107.235,31.8004,40.4461,108.779,0.00467424,31.8636,40.5408,105.173,0.2,-3,3,3.05979,-0.0597923,0,3,0
18:00:33.275,0.6,0.4,0.4,1.9894,3.66521,-0.131709,-2.41267,-2.04587,-4.95154,-4.73,6.03852,114,53,37.8949,38.4955,107.261,32.0845,40.3498,108.691,0.00550967,32.1312,40.473,105.272,0.2,-3,3,3.02568,-0.0256774,0,3,0
18:00:33.375,0.6,0.4,0.4,1.91568,3.65365,-0.148772,-2.39923,-2.13053,-4.97879,-4.83,6.05327,114,53,38.1814,38.4064,107.292,32.3687,40.2539,108.591,0.00599785,32.41,40.3969,105.376,0.2,-3,3,3.03551,-0.0355132,0,3,0
18:00:33.475,0.6,0.4,0.4,1.83302,3.68071,-0.170653,-2.42531,-2.26088,-5.04963,-4.91,6.03239,115,54,38.4678,38.3171,107.324,32.6531,40.1585,108.485,0.00634404,32.6792,40.3297,105.491,0.2,-3,3,3.02159,-0.0215924,0,3,0
18:00:33.576,0.6,0.4,0.4,1.7467,3.66521,-0.18786,-2.40644,-2.33625,-5.07289,-5,6.05417,115,54,38.7541,38.2277,107.359,32.9377,40.0637,108.373,0.00669529,32.9596,40.2543,105.612,0.2,-3,3,3.03611,-0.0361111,0,3,0
18:00:33.675,0.6,0.4,0.4,1.63994,3.69164,-0.206586,-2.43961,-2.43961,-5.13804,-5.1,6.01478,114,53,38.945,38.168,107.383,33.1275,40.0008,108.296,0.00680609,33.2287,40.1849,105.743,0.2,-3,3,3.00985,-0.00985312,0,3,0
18:00:33.775,0.6,0.4,0.4,1.53574,3.6416,-0.220672,-2.40038,-2.48418,-5.1382,-5.19,6.03043,114,53,39.2312,38.0783,107.419,33.4124,39.9069,108.177,0.00709277,33.5072,40.108,105.883,0.2,-3,3,3.02028,-0.0202842,0,3,0
18:00:33.875,0.6,0.4,0.4,1.41972,3.6316,-0.239747,-2.40612,-2.58321,-5.18783,-5.19,5.99954,114,53,39.5174,37.9884,107.453,33.6975,39.8136,108.053,0.0072801,33.7737,40.0409,106.033,0.2,-3,3,2.99969,0.000308752,0,3,0
18:00:33.975,0.6,0.4,0.4,1.28956,3.62207,-0.254021,-2.40285,-2.62717,-5.20945,-5.28,5.99196,113,53,39.7082,37.9284,107.475,33.9828,39.721,107.926,0.00727471,34.0508,39.966,106.185,0.2,-3,3,2.99464,0.00535989,0,3,0
18:00:34.075,0.6,0.4,0.4,1.14703,3.5666,-0.269426,-2.38693,-2.69789,-5.24775,-5.28,5.93972,114,54,39.9943,37.8382,107.505,34.2683,39.629,107.804,0.00691467,34.3135,39.8974,106.358,0.2,-3,3,2.95981,0.0401876,0,3,0
18:00:34.175,0.6,0.4,0.4,1.01144,3.5448,-0.280758,-2.36291,-2.69979,-5.24437,-5.28,5.96353,113,53,40.185,37.7781,107.522,34.4587,39.568,107.726,0.00666345,34.5873,39.8216,106.511,0.2,-3,3,2.97569,0.0243144,0,3,0
18:00:34.275,0.6,0.4,0.4,0.86795,3.48808,-0.293212,-2.32498,-2.71885,-5.25004,-5.37,5.96409,113,53,40.471,37.6877,107.54,34.7445,39.4769,107.616,0.0061506,34.8565,39.749,106.672,0.2,-3,3,2.97606,0.0239372,0,3,0
18:00:34.375,0.6,0.4,0.4,0.686073,3.38182,-0.302291,-2.25034,-2.68585,-5.21755,-5.37,5.97461,113,53,40.757,37.5973,107.545,35.0305,39.3864,107.516,0.00544828,35.1338,39.6708,106.859,0.2,-3,3,2.98308,0.0169244,0,3,0
18:00:34.475,0.6,0.4,0.4,0.491196,3.25478,-0.309625,-2.18606,-2.66998,-5.19927,-5.46,5.91967,113,53,41.0431,37.5069,107.538,35.3166,39.2963,107.429,0.004704,35.3967,39.5957,107.047,0.2,-3,3,2.94645,0.0535538,0,3,0
18:00:34.575,0.6,0.4,0.4,0.276215,3.10734,-0.314635,-2.07751,-2.57798,-5.12405,-5.46,5.94737,114,54,41.3291,37.4165,107.517,35.6029,39.2067,107.354,0.00390561,35.6695,39.5155,107.241,0.2,-3,3,2.96492,0.0350847,0,3,0
18:00:34.675,0.6,0.4,0.4,0.0484543,3.0182,-0.322238,-2.02587,-2.52818,-5.08912,-5.46,5.9243,113,53,41.5198,37.3563,107.496,35.7938,39.1471,107.313,0.0033502,35.9359,39.4403,107.448,0.2,-3,3,2.94953,0.0504682,0,3,0
18:00:34.775,0.6,0.4,0.4,-0.201965,2.85362,-0.326917,-1.92011,-2.43827,-5.01665,-5.46,5.91032,113,53,41.806,37.2662,107.457,36.0802,39.0579,107.263,0.00253037,36.2089,39.3603,107.659,0.2,-3,3,2.94021,0.0597897,0,3,0
18:00:34.875,0.6,0.4,0.4,-0.402634,2.74261,-0.327855,-1.85107,-2.34774,-4.96255,-5.46,5.89261,112,53,41.9967,37.2063,107.425,36.3667,38.969,107.227,0.00156668,36.4727,39.2794,107.828,0.2,-3,3,2.92841,0.0715926,0,3,0
18:00:34.975,0.6,0.4,0.4,-0.633255,2.5226,-0.32693,-1.69529,-2.20274,-4.83983,-5.46,5.9186,113,53,42.3784,37.0868,107.354,36.6533,38.8802,107.207,0.000772522,36.7452,39.194,107.987,0.2,-3,3,2.94573,0.0542667,0,3,0
18:00:35.075,0.6,0.4,0.4,-0.867393,2.32405,-0.324777,-1.56202,-2.06065,-4.72755,-5.46,5.91852,113,53,42.6648,36.9974,107.295,36.9398,38.7915,107.2,1.75134e-06,37.0151,39.1082,108.162,0.2,-3,3,2.94568,0.0543175,0,3,0
18:00:35.175,0.6,0.4,0.4,-1.10195,2.11582,-0.321182,-1.42278,-1.90827,-4.60855,-5.46,5.91612,114,54,42.9512,36.9084,107.231,37.2264,38.7028,107.208,-0.000819621,37.2896,39.0195,108.333,0.2,-3,3,2.94408,0.0559177,0,3,0
18:00:35.275,0.6,0.4,0.4,-1.30302,1.99458,-0.317311,-1.34888,-1.78603,-4.52282,-5.46,5.88293,112,53,43.0467,36.8788,107.21,37.4174,38.6436,107.219,-0.0012084,37.551,38.9344,108.513,0.2,-3,3,2.92195,0.0780487,0,3,0
18:00:35.375,0.6,0.4,0.4,-1.57119,1.69712,-0.31259,-1.14139,-1.59008,-4.34092,-5.46,5.91618,113,53,43.4289,36.7608,107.127,37.7039,38.5548,107.243,-0.00152137,37.8217,38.8455,108.698,0.2,-3,3,2.94412,0.055877,0,3,0
18:00:35.475,0.6,0.4,0.4,-1.80408,1.42314,-0.304454,-0.959261,-1.40725,-4.1747,-5.46,5.90347,113,53,43.7156,36.6726,107.072,37.9904,38.4658,107.271,-0.00175581,38.0867,38.7547,108.876,0.2,-3,3,2.93565,0.0643513,0,3,0
18:00:35.575,0.6,0.4,0.4,-2.00465,1.1348,-0.295931,-0.764083,-1.23062,-4.00276,-5.46,5.91027,113,53,44.0024,36.5846,107.06,38.2768,38.3766,107.302,-0.00183846,38.3572,38.6616,109.065,0.2,-3,3,2.94018,0.0598209,0,3,0
18:00:35.675,0.6,0.4,0.4,-2.20528,0.834363,-0.286238,-0.562124,-1.04869,-3.8268,-5.46,5.90713,114,54,44.2891,36.4966,107.046,38.5632,38.2873,107.335,-0.00199038,38.6211,38.5691,109.251,0.2,-3,3,2.93809,0.0619104,0,3,0
18:00:35.775,0.6,0.4,0.4,-2.41898,0.523218,-0.275501,-0.351737,-0.846358,-3.63627,-5.46,5.92019,114,54,44.576,36.4087,107.02,38.8495,38.1979,107.371,-0.00212386,38.8918,38.4733,109.439,0.2,-3,3,2.94679,0.0532098,0,3,0
18:00:35.875,0.6,0.4,0.4,-2.61285,0.318631,-0.266422,-0.2153,-0.680545,-3.49248,-5.37,5.8901,112,53,44.6716,36.3794,107.014,39.0404,38.1381,107.395,-0.00211252,39.1545,38.3815,109.627,0.2,-3,3,2.92673,0.0732679,0,3,0
18:00:35.975,0.6,0.4,0.4,-2.80334,0.00703621,-0.255808,-0.00475914,-0.496603,-3.30539,-5.37,5.88427,112,53,44.9584,36.2917,107.005,39.3266,38.0484,107.43,-0.0019803,39.423,38.2862,109.808,0.2,-3,3,2.92285,0.0771503,0,3,0
